Compound,Combination compound,Valueof Ctrl,Ibrutinib (PCI-32765),Ibrutinib (PCI-32765),Ibrutinib (PCI-32765),Ibrutinib (PCI-32765),Ibrutinib (PCI-32765),Ibrutinib (PCI-32765),Ibrutinib (PCI-32765),Ibrutinib (PCI-32765),Ibrutinib (PCI-32765),Ibrutinib (PCI-32765),Idelalisib (CAL-101),Idelalisib (CAL-101),Idelalisib (CAL-101),Idelalisib (CAL-101),Idelalisib (CAL-101),Idelalisib (CAL-101),Idelalisib (CAL-101),Idelalisib (CAL-101),Idelalisib (CAL-101),Idelalisib (CAL-101),SNS-032 ,SNS-032 ,SNS-032 ,SNS-032 ,SNS-032 ,SNS-032 ,SNS-032 ,SNS-032 ,SNS-032 ,SNS-032 ,Olaparib,Olaparib,Olaparib,Olaparib,Olaparib,Olaparib,Olaparib,Olaparib,Olaparib,Olaparib,Fludarabin,Fludarabin,Fludarabin,Fludarabin,Fludarabin,Fludarabin,Fludarabin,Fludarabin,Fludarabin,Fludarabin,Vorinostat,Vorinostat,Vorinostat,Vorinostat,Vorinostat,Vorinostat,Vorinostat,Vorinostat,Vorinostat,Vorinostat,Nutlin-3,Nutlin-3,Nutlin-3,Nutlin-3,Nutlin-3,Nutlin-3,Nutlin-3,Nutlin-3,Nutlin-3,Nutlin-3,AZD6244 (Selumetinib),AZD6244 (Selumetinib),AZD6244 (Selumetinib),AZD6244 (Selumetinib),AZD6244 (Selumetinib),AZD6244 (Selumetinib),AZD6244 (Selumetinib),AZD6244 (Selumetinib),AZD6244 (Selumetinib),AZD6244 (Selumetinib),Afatinib ,Afatinib ,Afatinib ,Afatinib ,Afatinib ,Afatinib ,Afatinib ,Afatinib ,Afatinib ,Afatinib ,Deforolimus ,Deforolimus ,Deforolimus ,Deforolimus ,Deforolimus ,Deforolimus ,Deforolimus ,Deforolimus ,Deforolimus ,Deforolimus ,(+)-JQ1 ,(+)-JQ1 ,(+)-JQ1 ,(+)-JQ1 ,(+)-JQ1 ,(+)-JQ1 ,(+)-JQ1 ,(+)-JQ1 ,(+)-JQ1 ,(+)-JQ1 ,OTX015 ,OTX015 ,OTX015 ,OTX015 ,OTX015 ,OTX015 ,OTX015 ,OTX015 ,OTX015 ,OTX015 ,AZD-0530 (Saracatinib) ,AZD-0530 (Saracatinib) ,AZD-0530 (Saracatinib) ,AZD-0530 (Saracatinib) ,AZD-0530 (Saracatinib) ,AZD-0530 (Saracatinib) ,AZD-0530 (Saracatinib) ,AZD-0530 (Saracatinib) ,AZD-0530 (Saracatinib) ,AZD-0530 (Saracatinib) ,Thapsigargin ,Thapsigargin ,Thapsigargin ,Thapsigargin ,Thapsigargin ,Thapsigargin ,Thapsigargin ,Thapsigargin ,Thapsigargin ,Thapsigargin ,YM155 ,YM155 ,YM155 ,YM155 ,YM155 ,YM155 ,YM155 ,YM155 ,YM155 ,YM155 ,Dasatinib ,Dasatinib ,Dasatinib ,Dasatinib ,Dasatinib ,Dasatinib ,Dasatinib ,Dasatinib ,Dasatinib ,Dasatinib ,Everolimus ,Everolimus ,Everolimus ,Everolimus ,Everolimus ,Everolimus ,Everolimus ,Everolimus ,Everolimus ,Everolimus ,Trametinib,Trametinib,Trametinib,Trametinib,Trametinib,Trametinib,Trametinib,Trametinib,Trametinib,Trametinib,AVL-292 ,AVL-292 ,AVL-292 ,AVL-292 ,AVL-292 ,AVL-292 ,AVL-292 ,AVL-292 ,AVL-292 ,AVL-292 ,Venetoclax (Abt199),Venetoclax (Abt199),Venetoclax (Abt199),Venetoclax (Abt199),Venetoclax (Abt199),Venetoclax (Abt199),Venetoclax (Abt199),Venetoclax (Abt199),Venetoclax (Abt199),Venetoclax (Abt199),IPI-145 ,IPI-145 ,IPI-145 ,IPI-145 ,IPI-145 ,IPI-145 ,IPI-145 ,IPI-145 ,IPI-145 ,IPI-145 ,LGX818 ,LGX818 ,LGX818 ,LGX818 ,LGX818 ,LGX818 ,LGX818 ,LGX818 ,LGX818 ,LGX818 ,Ruxolitinib ,Ruxolitinib ,Ruxolitinib ,Ruxolitinib ,Ruxolitinib ,Ruxolitinib ,Ruxolitinib ,Ruxolitinib ,Ruxolitinib ,Ruxolitinib ,Obatoclax ,Obatoclax ,Obatoclax ,Obatoclax ,Obatoclax ,Obatoclax ,Obatoclax ,Obatoclax ,Obatoclax ,Obatoclax ,SD07 ,SD07 ,SD07 ,SD07 ,SD07 ,SD07 ,SD07 ,SD07 ,SD07 ,SD07 ,Doxorubicin ,Doxorubicin ,Doxorubicin ,Doxorubicin ,Doxorubicin ,Doxorubicin ,Doxorubicin ,Doxorubicin ,Doxorubicin ,Doxorubicin ,BX912 ,BX912 ,BX912 ,BX912 ,BX912 ,BX912 ,BX912 ,BX912 ,BX912 ,BX912 ,CX-4945 (Silmitasertib)  ,CX-4945 (Silmitasertib)  ,CX-4945 (Silmitasertib)  ,CX-4945 (Silmitasertib)  ,CX-4945 (Silmitasertib)  ,CX-4945 (Silmitasertib)  ,CX-4945 (Silmitasertib)  ,CX-4945 (Silmitasertib)  ,CX-4945 (Silmitasertib)  ,CX-4945 (Silmitasertib)  ,PRT062607,PRT062607,PRT062607,PRT062607,PRT062607,PRT062607,PRT062607,PRT062607,PRT062607,PRT062607,Sotrastaurin,Sotrastaurin,Sotrastaurin,Sotrastaurin,Sotrastaurin,Sotrastaurin,Sotrastaurin,Sotrastaurin,Sotrastaurin,Sotrastaurin,AZD7762 ,AZD7762 ,AZD7762 ,AZD7762 ,AZD7762 ,AZD7762 ,AZD7762 ,AZD7762 ,AZD7762 ,AZD7762 ,MK-2206 ,MK-2206 ,MK-2206 ,MK-2206 ,MK-2206 ,MK-2206 ,MK-2206 ,MK-2206 ,MK-2206 ,MK-2206 
Conc / ÂµM,,,30,10,3.3333333333,1.1111111111,0.3703703704,0.1234567901,0.0411522634,0.0137174211,0.0045724737,0.0015241579,30,10,3.3333333333,1.1111111111,0.3703703704,0.1234567901,0.0411522634,0.0137174211,0.0045724737,0.0015241579,30,10,3.3333333333,1.1111111111,0.3703703704,0.1234567901,0.0411522634,0.0137174211,0.0045724737,0.0015241579,30,10,3.3333333333,1.1111111111,0.3703703704,0.1234567901,0.0411522634,0.0137174211,0.0045724737,0.0015241579,30,10,3.3333333333,1.1111111111,0.3703703704,0.1234567901,0.0411522634,0.0137174211,0.0045724737,0.0015241579,30,10,3.3333333333,1.1111111111,0.3703703704,0.1234567901,0.0411522634,0.0137174211,0.0045724737,0.0015241579,30,10,3.3333333333,1.1111111111,0.3703703704,0.1234567901,0.0411522634,0.0137174211,0.0045724737,0.0015241579,30,10,3.3333333333,1.1111111111,0.3703703704,0.1234567901,0.0411522634,0.0137174211,0.0045724737,0.0015241579,30,10,3.3333333333,1.1111111111,0.3703703704,0.1234567901,0.0411522634,0.0137174211,0.0045724737,0.0015241579,30,10,3.3333333333,1.1111111111,0.3703703704,0.1234567901,0.0411522634,0.0137174211,0.0045724737,0.0015241579,30,10,3.3333333333,1.1111111111,0.3703703704,0.1234567901,0.0411522634,0.0137174211,0.0045724737,0.0015241579,30,10,3.3333333333,1.1111111111,0.3703703704,0.1234567901,0.0411522634,0.0137174211,0.0045724737,0.0015241579,30,10,3.3333333333,1.1111111111,0.3703703704,0.1234567901,0.0411522634,0.0137174211,0.0045724737,0.0015241579,15,5,1.6666666667,0.5555555556,0.1851851852,0.0617283951,0.0205761317,0.0068587106,0.0022862369,0.000762079,10,3.3333333333,1.1111111111,0.3703703704,0.1234567901,0.0411522634,0.0137174211,0.0045724737,0.0015241579,0.0005080526,30,10,3.3333333333,1.1111111111,0.3703703704,0.1234567901,0.0411522634,0.0137174211,0.0045724737,0.0015241579,10,3.3333333333,1.1111111111,0.3703703704,0.1234567901,0.0411522634,0.0137174211,0.0045724737,0.0015241579,0.0005080526,30,10,3.3333333333,1.1111111111,0.3703703704,0.1234567901,0.0411522634,0.0137174211,0.0045724737,0.0015241579,30,10,3.3333333333,1.1111111111,0.3703703704,0.1234567901,0.0411522634,0.0137174211,0.0045724737,0.0015241579,30,10,3.3333333333,1.1111111111,0.3703703704,0.1234567901,0.0411522634,0.0137174211,0.0045724737,0.0015241579,30,10,3.3333333333,1.1111111111,0.3703703704,0.1234567901,0.0411522634,0.0137174211,0.0045724737,0.0015241579,30,10,3.3333333333,1.1111111111,0.3703703704,0.1234567901,0.0411522634,0.0137174211,0.0045724737,0.0015241579,30,10,3.3333333333,1.1111111111,0.3703703704,0.1234567901,0.0411522634,0.0137174211,0.0045724737,0.0015241579,30,10,3.3333333333,1.1111111111,0.3703703704,0.1234567901,0.0411522634,0.0137174211,0.0045724737,0.0015241579,30,10,3.3333333333,1.1111111111,0.3703703704,0.1234567901,0.0411522634,0.0137174211,0.0045724737,0.0015241579,30,10,3.3333333333,1.1111111111,0.3703703704,0.1234567901,0.0411522634,0.0137174211,0.0045724737,0.0015241579,30,10,3.3333333333,1.1111111111,0.3703703704,0.1234567901,0.0411522634,0.0137174211,0.0045724737,0.0015241579,30,10,3.3333333333,1.1111111111,0.3703703704,0.1234567901,0.0411522634,0.0137174211,0.0045724737,0.0015241579,30,10,3.3333333333,1.1111111111,0.3703703704,0.1234567901,0.0411522634,0.0137174211,0.0045724737,0.0015241579,30,10,3.3333333333,1.1111111111,0.3703703704,0.1234567901,0.0411522634,0.0137174211,0.0045724737,0.0015241579,30,10,3.3333333333,1.1111111111,0.3703703704,0.1234567901,0.0411522634,0.0137174211,0.0045724737,0.0015241579,30,10,3.3333333333,1.1111111111,0.3703703704,0.1234567901,0.0411522634,0.0137174211,0.0045724737,0.0015241579
BL-7,DMSO,107,1,1,2,14,50,67,70,79,81,87,1,4,13,31,50,57,64,75,85,85,2,3,3,2,2,3,27,75,90,92,4,7,30,59,81,87,86,88,89,96,30,93,100,93,91,95,93,98,97,97,1,2,8,67,100,104,101,95,96,89,1,6,21,56,87,94,98,97,101,106,91,97,90,90,93,94,94,93,100,99,0,1,2,5,59,87,91,95,100,97,10,24,29,26,28,31,31,35,39,34,1,3,21,29,48,76,93,95,102,95,1,15,23,31,54,79,93,96,105,117,1,2,5,16,57,72,96,101,102,102,0,1,1,1,1,3,25,82,96,91,0,0,0,0,0,1,3,8,38,96,1,2,2,2,3,3,3,6,40,88,21,25,28,26,29,28,33,36,39,47,18,83,86,90,71,78,88,87,96,95,1,1,20,61,93,93,98,96,99,105,26,93,94,104,100,104,99,97,105,108,2,3,5,12,23,37,49,57,70,77,76,91,69,85,102,96,100,96,100,93,4,70,99,102,102,79,99,94,100,93,0,1,1,3,6,22,83,90,98,122,75,79,100,100,102,97,104,99,102,99,0,2,2,2,2,2,8,29,71,91,2,2,5,18,87,93,98,103,98,99,1,4,44,82,93,91,104,102,101,110,0,0,2,14,61,98,94,101,104,97,0,18,66,83,95,93,98,98,103,102,0,1,1,1,2,4,14,61,89,95,0,1,4,13,36,71,87,93,92,101
BL-7,PCI-32765 200nM,61,1,1,1,7,26,41,51,51,50,54,1,2,3,6,10,18,23,29,42,45,1,2,2,1,1,1,9,33,51,61,2,3,12,23,38,48,47,48,55,67,8,49,58,58,65,61,67,61,64,62,1,1,5,29,56,74,63,64,62,67,1,2,5,21,47,61,68,64,67,70,44,54,61,61,62,62,61,59,62,66,0,1,1,2,24,48,61,58,62,67,4,8,12,9,13,12,14,14,16,18,1,2,9,16,24,46,61,64,70,71,1,6,11,12,26,43,58,63,69,71,1,3,3,4,16,42,61,63,69,65,0,1,1,1,1,1,4,37,60,64,0,0,0,0,0,1,2,6,31,66,0,1,1,2,2,2,3,3,9,34,8,8,11,12,11,14,15,15,17,22,5,26,54,53,21,45,56,59,67,67,1,1,7,33,58,66,66,47,66,71,7,40,67,66,68,69,69,70,71,73,1,2,3,4,8,12,17,21,26,35,25,30,21,38,56,67,70,72,69,69,2,35,62,61,69,71,71,68,69,72,0,0,1,1,3,8,45,63,69,73,15,27,44,64,72,75,77,69,72,68,0,1,1,1,1,1,2,11,36,58,1,2,2,6,31,63,72,69,72,66,0,1,12,39,68,71,69,72,74,72,0,1,1,10,31,53,62,68,72,68,0,6,27,46,63,66,72,70,72,66,0,1,1,1,1,2,6,26,55,63,0,0,1,1,6,23,49,62,67,68
BL-7,CAL-101 200nM,54,1,1,2,3,7,17,28,29,31,36,1,3,11,22,34,36,42,42,46,46,1,2,2,2,2,1,7,30,48,52,3,4,8,21,34,34,37,39,46,53,6,44,59,52,49,60,61,58,61,59,0,1,1,13,46,54,56,57,57,58,1,1,4,12,34,45,52,54,53,55,37,49,41,51,51,52,52,52,53,56,0,1,2,1,13,37,48,52,56,61,3,7,7,8,8,9,10,10,14,15,1,1,6,10,17,38,53,57,63,62,0,2,6,10,20,38,51,58,49,59,1,2,4,7,17,31,47,56,70,64,0,1,1,1,1,1,2,21,47,57,0,0,0,0,0,1,2,6,27,56,0,1,2,2,2,3,3,3,8,20,5,7,8,8,9,11,12,13,14,20,3,19,39,41,49,51,58,57,55,56,1,1,3,17,33,47,51,52,54,57,5,35,51,53,60,61,54,59,60,60,2,3,5,14,26,43,50,57,62,59,17,24,15,26,47,57,61,61,59,60,3,27,53,62,57,61,62,62,65,61,0,0,0,1,2,5,35,53,61,58,16,27,49,55,57,59,64,61,60,60,0,1,1,1,1,1,2,8,24,50,1,2,2,4,21,53,56,59,59,59,0,1,8,32,55,58,62,59,59,61,0,0,2,3,10,28,44,54,59,60,0,4,19,37,52,53,58,61,56,55,0,1,1,1,2,3,5,16,43,52,0,1,3,4,5,14,34,46,50,53
BL-7,OTX015 200nM,68,1,1,1,3,22,39,43,44,44,55,1,2,6,14,18,24,35,39,48,57,2,3,2,2,2,2,4,24,46,71,7,11,28,42,51,58,57,57,59,74,27,59,64,71,63,66,68,62,72,73,1,1,3,29,70,76,73,67,67,76,1,4,17,39,58,62,66,64,69,69,46,60,60,60,67,64,64,68,67,71,0,1,1,4,25,54,63,65,66,69,5,14,16,17,18,19,19,20,24,27,1,2,6,26,44,59,63,66,70,73,1,6,24,30,46,58,66,67,71,81,1,1,2,6,28,59,70,71,71,78,0,0,1,1,1,3,20,52,65,75,0,0,0,0,0,1,3,12,53,68,0,1,1,1,1,1,1,3,13,48,11,14,16,18,18,19,21,22,25,33,18,33,57,60,38,52,60,61,69,69,1,1,15,38,64,70,69,66,70,81,19,54,66,68,71,73,73,73,76,83,1,2,2,7,12,19,24,31,37,49,40,46,45,60,73,75,77,74,70,73,10,38,56,58,62,61,60,55,63,59,0,0,1,2,6,18,74,90,102,110,34,33,58,68,72,74,73,68,70,73,0,2,2,1,1,1,5,28,54,64,2,2,3,13,46,66,69,68,70,70,0,3,25,54,66,71,71,69,70,79,0,0,1,8,29,50,60,65,69,73,0,8,35,53,62,67,72,71,71,75,0,1,1,1,1,1,3,22,52,70,0,0,1,5,13,33,47,58,66,74
Cheptanges,DMSO,103,2,21,37,50,63,69,73,71,74,90,32,47,53,68,71,80,74,72,77,86,11,11,12,10,10,7,51,84,90,95,30,57,58,79,79,78,84,86,90,95,14,49,95,99,101,96,94,91,93,101,1,1,8,62,101,100,98,93,88,97,2,16,40,71,87,95,97,93,96,101,90,98,90,87,91,93,85,88,94,100,0,0,2,22,72,80,83,84,94,98,19,42,45,50,49,50,50,48,51,60,3,17,28,39,54,74,92,89,102,108,5,23,30,43,56,80,93,97,95,105,2,15,51,65,86,88,95,98,95,105,1,2,1,1,1,2,9,40,79,104,0,0,0,0,1,1,5,17,44,78,0,7,12,14,19,25,28,51,73,102,37,38,39,39,41,41,44,48,55,70,18,54,69,77,70,81,82,88,96,106,1,2,30,49,62,84,85,89,88,109,46,76,91,81,86,89,90,95,101,104,25,14,52,56,67,72,73,73,77,90,73,55,50,62,76,84,85,97,94,101,11,63,90,89,93,96,97,88,100,98,0,1,1,4,17,51,74,91,93,98,84,91,110,100,104,104,102,95,99,101,0,9,9,5,5,3,33,63,86,99,5,7,10,27,80,94,90,94,96,102,1,7,42,81,86,92,94,91,98,103,0,5,15,39,71,84,92,95,98,100,5,26,49,72,87,95,95,94,101,103,2,3,3,4,9,33,59,78,83,106,0,4,29,45,62,67,85,88,91,97
Cheptanges,PCI-32765 200nM,80,4,23,50,64,80,87,92,90,89,81,33,54,62,72,72,77,80,82,84,80,12,13,12,12,11,5,45,89,93,87,32,49,64,81,78,81,90,92,90,85,10,42,93,95,104,109,97,99,101,92,1,1,4,56,92,91,102,98,92,89,1,10,31,59,89,106,99,97,103,95,84,92,92,99,95,98,94,87,92,86,0,0,2,18,72,90,91,91,99,93,14,38,41,43,43,44,44,44,48,47,2,6,19,35,58,86,103,97,99,93,5,14,25,36,60,85,99,98,96,90,2,13,51,67,84,93,96,95,101,91,0,1,1,1,1,2,8,51,88,90,0,0,0,0,1,1,5,15,35,79,0,9,12,18,24,30,34,46,66,75,30,35,37,38,39,39,43,43,51,55,9,50,64,70,72,81,88,88,95,92,1,3,30,57,74,87,89,92,99,93,30,62,87,76,85,89,91,90,101,93,11,36,57,59,66,71,72,74,81,80,65,54,38,59,81,91,91,92,96,89,10,43,85,90,99,91,92,89,94,90,0,0,1,3,18,52,81,88,94,91,59,81,104,108,109,107,103,98,99,93,0,11,11,5,5,3,26,57,79,88,7,7,9,18,70,90,97,92,96,90,0,1,28,66,91,94,93,96,96,88,0,6,15,39,67,83,92,93,93,91,5,14,34,67,83,88,93,95,94,84,2,3,5,5,12,41,60,75,90,88,0,9,32,52,64,75,79,85,91,81
Cheptanges,CAL-101 200nM,78,3,18,38,41,56,60,65,64,62,66,18,42,55,70,68,69,72,76,73,73,14,13,11,10,12,5,38,73,83,82,27,31,48,64,66,68,72,76,74,76,5,33,71,73,78,84,83,77,80,78,0,1,2,47,76,88,84,78,80,80,1,7,23,48,72,81,79,81,82,80,71,76,68,76,78,81,83,80,79,76,0,0,1,12,55,65,73,73,77,78,11,35,37,39,41,40,41,41,44,41,1,4,14,20,38,69,81,78,80,83,3,7,15,21,44,63,76,74,80,82,2,19,41,53,66,66,78,79,80,75,0,1,1,1,1,1,3,32,64,66,0,0,0,0,0,1,5,15,33,68,0,6,9,12,15,20,24,39,57,72,25,31,34,35,37,40,41,41,44,44,9,39,57,55,70,75,75,71,81,87,1,2,16,41,62,68,70,70,78,81,28,60,73,63,74,74,72,76,78,80,11,37,47,60,66,72,70,77,78,78,59,50,32,43,67,73,73,78,81,78,9,49,65,73,80,79,74,77,81,86,0,0,1,2,13,41,65,77,80,83,58,66,81,88,89,87,84,77,79,80,0,10,10,5,4,2,18,45,67,78,5,6,7,14,54,73,74,77,75,80,0,1,22,54,69,74,75,78,79,83,0,4,10,21,41,61,66,73,82,79,3,10,28,53,67,67,73,78,76,80,2,3,4,4,11,33,48,61,71,77,0,5,27,39,50,59,67,71,72,75
Cheptanges,OTX015 200nM,72,2,4,6,24,49,59,62,63,60,67,3,11,28,40,51,53,55,62,64,68,14,14,12,13,12,4,20,53,63,71,39,46,50,57,63,63,65,67,65,71,11,43,61,69,68,70,70,67,68,81,1,1,2,37,72,76,75,68,69,73,1,13,34,48,63,68,68,69,70,75,57,64,63,59,66,65,68,66,67,74,0,0,1,13,53,57,63,61,66,77,17,38,39,41,44,43,45,45,48,47,2,14,20,40,51,60,63,68,65,79,7,19,30,35,51,58,65,65,65,73,2,8,14,29,62,70,66,67,65,75,0,1,1,1,1,2,17,45,59,75,0,0,0,0,0,1,10,24,48,72,0,3,6,5,7,6,6,13,37,69,25,33,38,41,45,46,47,45,50,58,23,46,52,54,55,60,61,60,66,73,1,2,27,48,59,63,66,65,66,80,52,56,65,65,68,65,66,64,71,76,3,5,16,34,42,48,51,52,55,69,54,49,43,47,65,66,67,64,71,77,16,50,62,71,66,66,65,61,71,77,0,0,1,4,20,45,59,59,68,78,54,57,70,70,76,74,71,63,68,75,0,10,10,4,2,3,29,48,60,76,5,5,8,24,55,64,64,62,65,76,1,2,27,50,61,67,66,68,70,80,0,4,5,25,51,64,64,65,70,76,3,18,35,51,60,65,61,64,63,75,2,3,3,3,6,11,22,44,61,76,0,2,4,8,27,45,56,56,66,74
BL-2,DMSO,89,1,20,42,69,76,78,84,82,84,94,31,54,67,73,77,78,81,77,89,94,1,1,1,1,2,3,62,90,98,106,71,80,90,93,98,99,96,91,100,105,1,3,15,80,103,110,104,107,101,107,2,2,32,52,100,117,104,104,102,105,1,6,52,83,107,114,108,106,109,106,96,97,104,98,109,110,106,100,108,109,1,0,4,60,74,73,85,82,90,96,18,41,45,51,53,51,56,55,55,59,3,13,16,26,38,73,102,112,95,100,4,12,19,29,42,72,93,103,102,108,13,32,55,79,89,103,103,110,109,106,0,1,1,1,1,2,3,17,55,96,1,0,1,1,1,1,8,29,69,98,1,12,21,25,30,38,50,77,91,99,42,50,49,49,56,49,54,57,63,67,36,61,65,82,74,81,84,86,85,86,1,8,41,75,86,91,95,89,92,101,1,18,50,73,79,83,92,93,91,93,16,33,51,69,70,79,78,80,84,87,74,80,73,74,96,94,95,99,98,104,19,78,92,103,94,88,98,92,98,91,1,1,1,4,9,17,34,77,92,97,0,56,74,91,81,80,82,83,84,84,0,1,1,1,1,20,69,79,80,86,0,2,9,19,69,75,82,84,88,88,0,3,54,80,81,79,87,87,89,86,0,0,10,47,68,76,83,90,89,89,3,35,67,77,81,90,91,84,85,92,1,0,0,1,6,12,46,70,84,82,0,0,4,22,42,71,73,77,84,91
BL-2,PCI-32765,94,1,20,44,69,82,89,86,93,92,90,21,45,49,73,73,84,81,85,88,92,1,1,1,1,2,2,45,83,94,108,57,80,87,92,94,93,97,96,103,97,1,2,9,75,105,110,111,109,109,118,2,2,31,54,96,113,114,110,109,113,1,3,33,82,95,104,104,106,105,112,89,100,95,92,98,98,101,110,109,116,1,0,4,58,84,78,93,90,92,98,15,39,46,45,52,53,49,55,56,66,3,13,23,30,42,68,95,108,101,113,4,16,23,33,44,76,99,102,110,109,18,46,66,89,96,109,106,110,107,113,0,1,1,1,1,2,3,16,58,98,1,1,1,1,1,1,12,31,83,111,0,12,23,25,31,39,61,86,100,110,36,47,46,53,51,51,58,57,62,73,23,47,64,82,81,90,97,91,91,94,1,7,40,72,93,97,102,95,96,97,1,18,45,81,89,89,96,99,100,95,13,26,40,63,74,79,82,84,88,91,80,62,60,80,95,95,97,99,96,98,18,69,94,97,94,100,100,104,100,104,0,1,1,5,15,24,56,90,99,103,1,42,83,87,85,89,89,82,86,80,0,1,1,1,1,17,66,69,89,90,1,1,8,15,66,85,92,88,95,89,0,1,39,71,88,90,91,93,88,92,0,0,11,46,72,87,98,83,87,88,3,35,69,81,82,105,91,85,91,86,1,0,0,1,7,14,39,72,80,83,0,0,7,22,41,58,85,86,90,92
BL-2,CAL-101,100,1,18,44,70,82,89,94,93,95,94,24,50,84,90,99,104,98,94,97,93,1,1,1,1,2,2,26,89,104,101,66,77,93,99,102,98,100,109,106,110,1,1,11,77,105,109,112,107,109,116,2,1,30,59,100,115,106,105,108,119,1,2,28,84,98,104,105,103,116,112,97,91,103,106,100,102,103,103,99,109,0,0,1,42,70,67,89,84,89,104,20,39,45,44,42,49,47,49,50,60,2,12,18,28,37,65,98,104,100,96,3,13,20,26,40,61,91,101,108,103,13,36,51,78,97,109,103,105,105,116,0,1,1,1,1,1,2,18,68,105,1,0,1,1,1,1,8,31,81,105,0,6,15,19,24,32,44,73,93,103,31,40,42,43,50,48,49,52,57,68,17,45,54,80,85,93,94,94,91,95,1,6,33,66,89,91,98,95,98,99,0,16,43,71,78,90,90,87,92,102,12,30,59,84,93,105,91,90,95,101,70,62,56,83,98,102,94,95,94,97,14,79,88,101,109,103,98,100,99,98,0,1,1,2,8,16,40,83,90,92,0,19,62,73,74,85,80,77,84,77,0,0,1,1,1,8,53,62,76,85,1,0,5,13,53,76,81,86,82,87,0,4,44,70,76,92,92,85,88,89,0,0,4,23,47,78,87,87,89,88,1,26,54,72,81,85,84,85,85,93,0,0,0,1,4,11,32,62,82,87,0,0,2,11,30,55,77,87,96,97
BL-2,OTX015,60,0,19,32,46,48,59,53,56,54,58,19,31,43,45,43,50,50,60,63,59,1,1,1,1,1,1,3,39,59,66,43,54,66,66,76,67,72,72,71,72,2,4,16,57,74,77,81,78,71,79,1,2,16,50,74,82,88,82,82,81,1,2,32,52,70,69,75,71,74,84,58,63,65,70,72,75,72,78,78,78,0,0,3,41,57,51,63,63,65,69,17,31,36,40,40,41,42,40,44,54,4,18,25,33,42,55,65,77,70,66,6,21,26,35,45,60,70,77,75,85,15,38,54,65,80,84,81,84,78,79,1,1,1,1,1,1,4,27,60,74,1,0,1,1,1,1,10,28,76,78,2,16,31,29,34,40,44,61,69,80,29,39,39,45,42,49,45,46,48,52,33,40,49,57,59,65,68,66,72,76,1,6,35,51,69,70,69,67,69,70,0,18,35,51,58,75,69,72,71,76,16,29,39,57,62,60,61,63,65,65,57,48,50,64,72,74,70,67,69,78,20,54,68,72,75,74,75,72,70,73,0,1,1,8,16,23,43,66,72,70,1,29,51,63,58,58,59,61,58,61,0,0,1,1,1,17,52,53,60,64,1,1,7,14,47,56,59,57,61,61,0,2,31,52,68,65,65,68,69,67,0,0,8,31,49,57,68,66,69,70,0,14,39,47,58,64,64,61,68,69,1,0,0,2,9,18,37,48,55,69,0,0,5,23,42,49,61,61,65,58
Raji,DMSO,99,26,75,77,89,95,97,92,88,88,86,89,90,92,93,88,97,96,92,95,92,10,8,7,8,12,68,96,97,96,95,70,85,103,103,96,100,91,100,101,101,17,29,58,109,108,122,108,106,103,105,7,17,27,57,87,117,107,108,106,100,52,91,101,104,107,113,101,108,93,102,99,104,103,108,101,111,99,99,109,107,1,13,52,73,84,90,95,96,98,99,47,70,71,69,75,78,77,77,76,85,34,43,55,58,62,88,94,108,107,101,41,48,54,60,69,80,96,96,101,106,42,95,101,99,107,111,103,107,104,105,16,24,18,17,21,25,34,46,68,104,2,2,2,2,7,22,28,50,93,104,18,70,94,99,96,116,102,100,114,97,72,73,74,80,78,80,78,79,76,83,61,81,86,95,97,102,104,102,99,97,27,73,86,98,96,103,105,100,97,107,9,62,97,106,102,103,107,100,106,105,89,98,104,101,99,103,95,101,104,106,94,97,99,103,108,106,96,112,103,102,42,94,107,108,108,112,109,102,102,102,5,11,22,32,42,58,85,89,98,98,54,90,100,103,97,105,92,99,88,93,4,8,11,18,23,58,87,93,95,86,15,77,80,88,94,103,96,99,98,99,16,38,76,97,92,100,95,91,100,97,1,46,79,95,100,105,92,102,95,104,46,76,85,95,92,97,94,93,100,101,25,37,35,39,77,93,92,96,88,99,0,41,81,84,91,95,94,95,90,97
Raji,PCI-32765,113,32,75,93,99,103,110,102,108,102,112,99,104,104,109,106,111,105,108,109,106,12,7,7,8,12,78,114,117,121,127,88,95,107,117,119,113,113,108,118,119,17,34,60,123,120,117,121,119,114,113,7,21,35,61,94,114,120,113,126,127,56,105,116,130,123,122,123,122,131,125,112,110,117,113,126,118,123,116,120,118,1,14,62,82,108,94,109,105,101,120,54,78,82,84,94,80,83,85,86,90,39,47,55,60,72,89,111,117,110,113,49,53,60,66,77,92,103,114,115,127,54,76,110,116,113,124,122,118,120,118,18,27,32,31,26,25,31,46,72,108,2,2,2,2,7,23,35,59,113,129,30,72,107,113,119,120,114,122,118,119,70,79,79,83,79,86,80,78,78,84,72,91,88,94,105,114,107,110,105,107,30,78,86,105,112,116,111,110,111,113,7,61,96,112,116,109,107,111,109,109,88,103,109,111,112,112,115,107,106,111,95,105,99,108,112,124,115,113,113,115,48,95,114,104,116,109,112,112,108,111,6,11,20,35,49,65,90,107,103,113,53,86,94,95,100,105,90,93,93,96,4,9,11,17,24,63,90,99,92,97,14,69,81,90,91,96,97,98,91,97,17,39,73,82,99,100,102,98,95,101,1,46,83,88,96,95,95,98,94,100,47,79,89,93,90,106,107,98,95,109,25,39,34,40,86,93,97,101,97,109,0,37,75,87,96,105,97,111,95,108
Raji,CAL-101,98,26,69,77,90,86,103,94,103,103,103,87,91,90,92,93,94,95,93,95,99,10,9,6,8,11,62,86,102,101,107,71,85,92,101,98,102,104,101,100,98,15,28,52,103,100,111,106,96,107,107,4,12,25,55,86,98,99,103,108,109,52,85,95,107,107,108,109,106,111,101,99,96,94,100,108,103,103,99,103,109,1,11,57,76,83,91,106,93,96,111,51,72,81,81,76,81,79,75,79,84,37,43,51,56,63,88,104,107,107,105,40,49,53,60,71,93,101,102,111,112,47,77,95,106,107,120,114,106,116,107,18,24,18,15,15,18,25,40,63,103,2,2,2,2,7,24,31,59,105,120,23,62,97,94,100,110,105,111,111,110,68,77,76,83,78,85,80,80,85,86,75,83,81,97,97,99,100,103,100,107,28,79,82,90,99,111,103,94,110,103,7,59,94,103,93,106,106,103,106,107,85,96,103,104,105,115,105,106,102,110,94,96,96,102,107,105,109,106,104,106,46,98,104,107,105,104,109,99,106,107,6,10,22,36,43,60,90,91,105,101,57,88,95,103,98,99,104,112,95,99,4,9,13,19,23,52,91,99,99,98,18,74,88,102,90,102,98,101,99,104,16,42,74,99,99,104,99,99,103,107,1,47,80,96,101,100,88,95,106,98,48,86,88,97,95,99,102,100,102,105,28,44,38,45,80,101,99,96,98,98,1,44,88,88,92,108,96,103,101,102
Raji,OTX015,83,35,67,73,79,80,82,82,89,89,82,77,75,74,73,78,85,81,79,89,83,12,8,8,9,10,26,74,85,87,87,64,74,80,84,82,90,92,89,90,87,19,29,47,77,92,91,87,82,93,87,5,14,23,56,69,90,87,86,90,84,49,82,79,80,87,86,93,86,96,91,75,91,88,82,80,93,81,85,86,92,1,7,46,61,65,71,72,78,69,81,51,64,65,65,67,68,73,69,70,73,39,50,57,62,73,85,82,84,90,87,48,57,63,64,75,83,82,90,97,91,47,73,88,83,87,91,83,89,91,97,16,17,15,16,20,24,38,56,69,87,2,2,2,2,8,25,40,73,92,86,31,53,73,79,88,89,90,88,96,98,57,60,57,61,65,69,67,67,62,71,61,64,69,73,85,80,84,80,83,81,29,67,67,74,76,82,84,83,85,82,7,61,77,77,92,81,80,82,81,86,64,68,69,74,81,82,80,77,84,79,72,72,68,78,87,85,84,81,87,86,50,76,77,79,87,87,81,82,85,82,5,9,17,33,42,57,80,78,88,82,49,69,77,75,74,87,81,75,79,75,4,9,5,13,20,48,73,83,81,81,12,57,64,73,70,80,77,81,79,67,13,34,54,67,79,80,82,85,75,74,1,36,63,76,72,81,82,86,76,84,34,63,63,65,79,73,85,81,80,82,20,28,40,46,68,81,81,83,76,80,0,41,60,70,78,80,87,73,72,72
LY47,DMSO,99,63,97,98,106,104,106,105,107,107,104,77,87,96,107,103,104,102,103,99,95,22,25,27,24,23,89,105,108,99,101,79,96,101,113,105,106,106,102,95,96,101,104,109,108,112,109,106,115,110,97,12,24,72,101,106,112,103,109,102,98,49,68,92,112,114,113,113,106,109,100,92,94,102,107,110,113,116,116,112,110,1,12,78,96,112,116,108,106,101,101,67,69,68,74,77,75,78,75,70,72,32,40,45,60,77,91,112,87,96,108,37,42,54,64,77,89,106,112,109,101,45,83,122,128,122,118,114,114,115,105,13,29,32,34,40,53,83,99,121,115,1,1,2,2,10,31,43,68,112,112,37,70,94,102,108,109,118,122,111,105,64,72,75,73,72,72,82,80,87,90,53,67,75,73,70,70,72,103,98,100,48,68,81,96,95,103,99,116,114,113,30,63,86,99,94,91,98,116,109,108,54,60,77,87,88,100,101,108,112,107,96,92,99,116,122,113,119,115,109,104,86,113,116,118,114,117,119,120,113,111,14,19,44,64,72,88,107,106,114,109,68,91,98,100,100,115,109,104,97,100,4,15,19,16,38,69,85,99,98,103,47,79,96,91,103,113,111,107,109,108,28,66,91,113,111,110,112,116,108,102,1,62,90,97,95,101,97,109,109,108,54,80,88,107,106,112,115,104,104,104,29,40,39,37,36,40,65,98,100,106,1,62,78,87,89,98,105,107,99,100
LY47,PCI-32765,112,63,108,117,116,110,119,127,130,121,103,74,88,105,114,105,116,114,124,110,105,25,31,34,28,25,74,121,121,111,118,88,104,110,125,112,123,127,125,116,107,100,107,119,125,123,133,133,131,114,116,12,26,74,103,122,126,121,121,123,117,47,76,91,112,119,127,125,129,114,115,109,101,119,108,118,125,110,113,116,119,1,9,67,99,119,136,133,109,96,109,59,74,77,71,74,80,78,81,73,78,34,42,56,67,87,99,112,88,97,112,43,55,61,67,85,106,114,120,132,115,69,115,136,129,143,139,128,138,125,120,13,25,29,32,36,57,89,109,119,114,1,1,2,3,12,33,53,83,111,119,42,76,103,116,113,123,122,123,127,124,69,73,77,76,70,75,78,81,84,90,63,75,82,79,72,86,83,111,101,107,53,76,87,108,97,103,97,123,115,118,38,77,80,95,94,97,92,115,113,109,53,65,68,82,92,92,104,113,104,107,83,91,96,116,117,119,118,122,116,111,93,106,123,130,120,128,127,122,117,115,15,17,43,63,77,97,113,113,112,118,61,82,93,102,99,103,103,107,91,90,5,17,19,17,34,63,83,95,101,91,39,71,97,98,100,107,102,111,98,91,13,59,94,104,107,102,109,107,94,95,1,58,83,102,108,104,101,105,90,96,62,75,89,92,107,107,100,101,101,93,30,41,41,39,39,46,63,100,94,93,1,51,70,72,86,95,97,102,92,88
LY47,CAL-101,107,56,97,106,112,114,108,105,107,112,101,77,89,104,113,117,109,108,113,110,118,23,29,29,26,24,79,99,119,111,103,88,102,106,116,110,117,121,114,104,108,98,118,130,120,125,124,125,116,130,119,9,20,66,101,118,122,112,133,118,115,44,60,89,96,115,120,125,125,114,117,85,97,104,105,106,117,115,113,111,120,1,7,74,96,109,119,112,100,102,92,63,66,70,73,73,66,70,73,66,73,33,40,53,60,75,89,115,88,97,102,41,48,54,62,74,92,103,115,117,115,67,103,131,124,126,133,122,129,122,112,14,27,29,35,38,54,81,100,112,113,1,1,2,3,12,32,47,76,115,114,37,68,92,110,109,117,118,122,117,111,69,71,74,67,74,75,83,77,83,80,58,60,73,70,68,71,72,95,96,96,45,71,80,89,93,92,97,112,123,113,31,73,86,93,92,90,94,117,109,104,58,67,77,89,97,98,102,116,117,120,86,85,96,105,124,121,108,114,109,112,85,114,115,118,117,121,126,119,121,116,14,19,43,61,73,90,99,111,107,112,59,76,90,91,93,93,97,100,93,93,5,14,18,14,38,66,73,92,92,94,41,69,86,91,95,108,104,105,109,99,29,55,82,102,101,107,104,105,102,101,1,54,82,89,87,98,100,108,101,105,57,74,83,95,99,103,104,106,106,99,26,42,41,38,35,39,63,96,110,87,1,54,68,74,85,95,100,102,97,90
LY47,OTX015,75,42,69,69,78,76,73,79,80,75,75,52,59,68,68,70,67,74,72,70,73,21,25,25,25,20,37,67,79,86,79,70,76,81,81,86,84,72,76,80,74,73,75,80,86,87,84,82,85,79,80,11,18,52,79,90,94,89,77,78,74,32,50,70,81,82,86,85,82,82,83,65,70,71,73,76,77,75,81,82,77,1,3,45,67,72,85,80,75,72,70,50,54,53,54,57,53,51,53,58,54,30,36,57,61,63,76,75,63,67,74,38,44,56,58,63,74,77,83,84,79,52,55,85,88,87,87,86,89,85,82,11,19,21,24,29,42,60,71,80,71,1,1,1,3,14,31,49,78,89,83,42,64,72,71,73,73,77,81,83,78,49,53,52,53,50,52,54,58,58,63,55,50,56,53,51,52,51,69,73,67,39,51,60,66,67,70,67,87,80,78,29,49,57,59,63,62,66,77,76,77,42,47,51,59,61,64,63,76,76,76,77,64,74,84,81,80,80,80,81,83,66,75,79,83,82,88,86,83,81,79,13,18,40,48,59,69,77,85,84,74,51,68,70,76,70,72,69,71,72,67,4,14,13,10,34,54,67,73,74,72,33,61,69,71,74,74,79,78,79,81,21,43,66,75,77,77,76,77,74,69,1,36,59,68,69,68,74,72,74,73,40,53,63,69,77,70,75,79,74,77,21,43,42,41,41,41,50,64,70,76,0,38,47,49,55,63,66,71,69,66
Salina,DMSO,78,7,16,39,67,93,89,93,100,99,89,26,48,71,77,104,89,93,99,94,91,10,16,16,15,12,10,19,40,71,88,44,58,88,85,105,107,109,101,97,110,12,26,100,129,132,132,125,111,128,110,2,4,17,58,151,176,133,132,126,103,3,26,47,88,103,117,127,120,127,126,95,124,113,110,135,122,121,114,118,124,1,0,3,43,89,115,124,70,71,53,6,20,30,34,33,38,38,39,34,37,4,21,40,50,64,95,96,46,40,64,34,64,61,66,70,94,112,120,117,110,17,68,130,117,114,128,125,129,132,117,3,13,16,13,16,16,24,32,56,107,1,1,1,1,1,1,1,5,26,72,8,31,48,62,64,65,81,72,88,107,20,31,27,33,37,38,39,36,44,48,19,27,32,41,33,34,45,92,90,86,19,12,31,43,45,51,45,101,99,92,3,46,66,57,52,52,55,95,89,93,17,21,32,44,46,54,53,78,96,83,151,127,65,86,91,98,85,106,101,99,13,97,112,108,113,102,101,109,101,95,1,1,6,17,61,97,192,168,140,110,5,84,146,144,130,112,102,77,82,74,0,3,13,12,6,6,44,61,70,76,7,8,17,23,48,78,89,100,101,94,1,8,35,68,97,89,101,105,93,92,0,7,17,36,59,88,83,100,100,84,4,25,49,62,78,96,100,98,93,82,3,10,10,6,8,21,33,58,72,79,0,10,35,55,68,75,91,101,94,72
Salina,PCI-32765,105,8,21,38,74,87,94,111,109,110,106,27,65,71,83,103,85,88,113,102,109,18,19,22,17,16,11,15,34,75,89,35,62,84,101,108,103,117,106,110,122,9,24,82,117,115,114,127,112,117,113,2,5,18,61,159,173,165,128,126,139,5,17,34,64,97,125,107,123,117,133,101,119,127,126,118,130,131,108,130,143,1,1,4,37,111,108,109,75,56,71,8,18,25,27,31,31,37,36,36,33,5,24,51,54,80,92,108,38,43,68,36,71,76,73,91,122,102,105,128,118,30,185,187,131,130,133,108,110,130,137,6,13,17,17,13,15,20,31,77,106,1,1,2,1,1,2,2,5,35,85,14,32,61,67,87,97,83,87,106,104,20,24,31,27,29,31,37,36,32,45,13,17,25,31,36,39,43,86,91,84,23,18,36,42,36,43,39,75,85,80,4,43,54,49,45,49,49,94,105,84,23,26,35,43,40,51,48,91,105,90,166,130,79,87,88,96,88,97,97,113,12,70,117,104,98,102,96,87,107,121,1,2,6,20,72,133,206,152,160,125,3,88,143,140,121,109,82,68,75,76,1,4,17,11,8,6,35,58,63,70,11,12,15,22,45,73,89,96,97,89,2,6,34,57,89,96,91,112,90,93,1,8,14,31,67,81,86,97,93,84,4,29,53,66,85,87,93,89,91,92,4,11,13,10,11,26,39,58,69,84,0,12,40,41,61,66,79,83,95,77
Salina,CAL-101,99,9,21,46,82,78,104,109,85,93,99,28,42,67,97,86,111,115,105,104,110,12,18,21,18,16,12,11,33,54,82,34,52,74,96,113,107,110,119,113,132,9,20,96,133,134,137,132,119,115,134,2,4,27,73,182,178,157,127,127,137,3,17,35,62,105,139,145,119,134,132,103,117,128,128,118,131,124,106,136,139,1,1,4,33,78,93,110,73,65,72,8,20,27,33,36,35,32,44,44,42,5,29,53,54,73,86,98,42,47,83,44,86,80,80,89,116,106,103,131,129,53,200,177,114,121,129,124,121,126,147,6,15,16,13,13,15,21,30,69,119,1,1,2,2,2,2,2,6,31,96,11,41,61,70,83,73,89,82,100,102,23,31,32,39,38,37,45,45,51,60,16,23,28,40,49,55,50,92,96,94,26,20,32,49,45,55,51,109,101,100,4,42,51,60,57,53,62,97,104,102,21,30,42,58,60,77,61,111,109,123,191,139,88,86,81,104,94,116,115,122,12,73,105,127,104,111,129,101,107,115,1,2,6,19,78,123,241,210,152,138,3,90,160,142,131,125,96,94,80,80,0,3,13,13,9,6,39,69,83,80,10,10,14,19,40,76,85,97,128,99,2,7,33,74,82,116,109,115,116,95,1,7,10,24,39,71,85,101,103,91,5,28,49,67,77,57,114,97,93,91,4,12,14,10,10,24,35,53,80,86,0,8,37,47,52,68,89,88,103,93
Salina,OTX015,82,7,21,39,53,65,78,74,75,85,95,30,42,58,75,71,84,72,69,71,78,15,20,18,17,19,14,10,25,50,70,59,81,81,86,93,93,95,79,93,93,29,48,95,95,90,102,95,94,99,100,5,6,19,71,123,125,114,102,89,100,5,22,58,74,91,98,98,87,100,100,84,85,84,94,90,87,102,89,97,97,2,2,5,30,64,85,83,68,72,66,12,33,48,42,53,54,49,52,53,58,6,29,45,60,64,78,87,57,63,83,44,72,77,76,78,83,86,86,93,90,23,70,90,76,92,91,82,75,88,96,7,21,19,17,15,18,30,37,63,78,2,2,2,2,2,3,4,15,50,66,12,38,49,59,60,66,64,60,64,76,35,46,48,49,48,50,57,57,49,65,35,44,52,49,49,49,53,73,81,74,20,16,34,55,59,53,54,82,79,69,5,51,64,63,63,61,58,73,75,72,36,43,50,50,52,63,55,74,80,74,118,94,71,75,92,76,76,86,82,82,21,86,95,90,85,76,86,86,95,90,2,3,9,26,72,110,131,104,90,87,5,70,122,107,103,95,77,75,74,64,1,4,15,15,8,9,52,74,80,70,14,11,27,38,51,71,77,91,85,82,4,6,39,66,84,76,87,72,85,79,1,5,18,37,53,82,75,79,79,77,5,20,48,59,73,73,85,78,78,86,6,14,16,16,18,32,39,53,79,77,1,11,32,44,50,60,65,83,86,88
Namalwa,DMSO,101,7,19,56,88,93,101,93,89,91,93,32,65,87,96,105,98,98,100,99,95,7,8,7,7,7,10,37,73,97,99,42,54,90,104,103,106,109,106,99,100,23,56,92,110,116,113,110,115,101,108,8,16,36,86,111,121,115,108,112,99,48,95,103,108,109,117,109,109,109,107,102,106,103,110,111,112,113,104,108,108,1,6,34,78,88,101,101,101,101,107,33,60,69,72,69,72,74,78,77,81,15,25,36,44,50,61,94,106,108,114,21,28,38,42,48,60,94,103,105,106,47,63,82,93,97,105,104,107,111,108,19,26,29,30,31,35,41,76,102,108,1,1,1,1,1,24,38,56,86,105,9,31,63,83,87,87,87,95,94,102,58,66,67,69,71,70,66,74,84,86,62,59,100,101,102,103,111,102,107,112,24,56,84,88,96,97,107,101,107,106,41,74,87,90,87,96,96,99,109,105,35,58,86,89,92,92,90,98,99,106,98,114,109,101,99,98,106,108,100,111,50,104,113,110,99,99,102,106,105,105,8,7,29,46,56,69,87,93,108,107,27,39,84,95,94,101,102,99,93,108,1,4,6,7,17,30,84,94,101,109,5,16,43,72,88,101,105,105,92,103,39,27,67,88,103,105,106,109,96,103,0,15,33,87,97,98,99,106,106,103,13,52,88,102,105,103,105,100,102,102,8,18,12,11,14,42,82,88,92,104,0,17,36,52,71,83,89,99,99,101
Namalwa,PCI-32765,91,9,32,70,90,96,98,100,99,86,86,40,70,81,92,96,90,95,89,89,88,7,8,6,6,6,8,36,73,83,88,44,55,88,97,103,105,100,104,97,94,24,53,93,106,99,105,105,100,100,98,7,16,33,79,113,111,107,103,102,94,54,93,100,101,105,111,99,100,92,97,95,102,97,98,102,100,104,94,97,95,1,8,30,68,90,99,99,100,90,97,35,59,66,69,70,74,78,77,72,74,17,27,39,40,46,62,95,94,96,97,28,33,39,41,46,56,88,95,92,94,48,75,95,96,101,99,103,100,93,97,20,27,27,26,27,31,41,79,96,97,1,1,1,1,2,27,40,61,81,93,22,48,67,81,90,91,90,89,89,98,55,66,65,69,72,73,73,71,73,82,66,66,87,97,95,101,99,100,95,97,26,60,75,94,96,98,94,101,92,99,42,67,86,91,99,101,98,101,94,97,41,51,72,89,88,90,92,90,89,92,95,94,92,93,88,102,97,92,98,98,56,98,102,100,95,96,102,95,91,98,9,8,31,48,56,75,91,95,96,94,36,48,90,94,98,100,96,94,96,95,1,4,6,6,16,39,85,89,94,97,6,19,49,79,87,100,96,93,89,93,42,30,62,86,96,102,102,100,92,94,0,14,41,82,92,96,96,95,92,90,11,60,88,92,102,99,103,103,94,94,9,21,15,15,18,70,84,90,91,96,0,18,34,49,68,76,81,88,89,94
Namalwa,CAL-101,93,11,30,67,87,85,83,85,85,88,92,37,68,81,87,95,96,94,93,95,91,6,7,6,6,6,8,28,67,84,89,40,53,84,94,94,96,94,93,97,90,22,50,91,97,98,96,103,93,93,92,8,15,30,73,98,102,97,93,97,88,50,87,92,96,92,95,99,96,95,94,92,93,92,95,94,96,94,92,93,98,1,7,34,67,86,93,88,92,95,102,43,65,63,72,73,75,74,79,73,76,18,27,31,36,41,55,88,92,95,95,26,32,35,36,46,57,83,85,90,96,46,63,75,87,87,92,95,97,97,97,19,24,26,24,22,27,35,67,94,97,1,1,1,1,1,23,35,52,80,91,24,50,55,65,76,88,82,83,85,89,62,66,72,70,71,72,70,78,73,80,70,59,91,88,89,92,94,94,94,91,26,53,68,89,86,93,94,90,94,94,38,64,81,86,84,87,85,87,93,89,37,57,80,87,87,92,90,95,95,95,96,97,91,87,92,88,86,91,96,95,55,93,97,91,92,86,93,96,96,95,9,7,26,40,47,68,85,89,94,95,38,48,83,87,89,92,93,87,91,95,1,4,5,6,16,36,72,92,94,95,6,14,45,65,81,90,86,93,92,95,43,26,58,80,85,88,89,97,94,94,0,14,39,68,86,94,91,91,97,91,12,53,82,87,87,91,91,88,97,94,9,20,18,20,20,48,79,81,83,95,0,18,35,47,65,77,79,83,92,90
Namalwa,OTX015,47,16,30,38,39,40,40,44,42,44,43,27,32,34,39,43,42,43,45,44,43,6,7,6,6,6,6,11,20,33,43,28,31,34,43,46,47,46,45,48,45,18,33,44,45,47,48,47,45,48,49,6,11,22,48,53,56,50,47,48,45,32,41,46,45,42,47,46,45,50,49,43,42,42,46,45,45,46,43,50,46,0,4,17,28,38,43,43,46,48,48,29,35,36,35,38,41,41,35,39,38,21,28,34,36,39,38,46,45,50,46,27,35,36,35,39,43,47,42,50,48,27,40,43,39,40,43,45,44,46,49,14,18,18,16,18,23,30,43,48,48,0,0,0,0,1,13,27,30,40,41,4,25,30,34,36,38,38,41,42,44,37,39,39,35,37,41,41,41,40,44,35,36,41,44,42,47,45,46,50,47,23,32,31,40,41,46,47,45,49,46,26,31,35,36,40,42,43,44,47,45,25,29,35,39,40,42,43,43,46,45,49,44,42,45,46,47,44,45,46,55,37,46,44,48,46,46,46,44,46,45,8,6,24,31,37,40,46,47,48,45,22,23,38,42,42,44,45,46,48,46,1,4,5,6,10,22,40,45,47,46,5,11,23,32,38,45,47,47,51,48,25,12,29,40,42,44,45,43,50,46,0,5,19,32,38,45,44,45,49,48,4,20,34,40,41,45,45,47,46,47,5,11,14,17,20,31,34,40,43,46,0,11,18,24,29,32,41,42,44,47
DG75,DMSO,95,37,68,82,97,95,102,100,103,90,105,76,97,89,99,96,105,104,98,98,98,33,42,42,40,41,41,89,100,102,106,71,98,99,109,115,116,101,103,108,103,43,70,93,107,111,104,107,111,116,108,25,37,52,95,110,115,110,113,113,122,57,99,108,109,112,111,115,105,112,106,101,106,97,104,112,113,112,105,117,118,1,18,53,71,88,87,98,113,108,98,52,73,69,75,84,79,76,83,93,87,21,27,29,35,54,83,116,102,115,118,15,27,31,39,56,81,107,117,111,114,50,88,115,103,121,116,116,117,114,113,26,41,48,51,58,66,93,107,117,114,1,2,2,2,6,33,65,84,102,108,39,59,92,94,105,96,101,116,115,117,69,75,80,82,86,84,89,79,91,91,61,71,80,94,96,90,97,96,99,113,45,64,80,88,98,104,105,94,96,115,27,88,95,99,104,102,108,103,115,115,60,73,86,94,108,100,109,112,108,115,110,106,94,107,111,112,119,110,118,122,39,88,115,115,119,115,117,118,125,123,11,10,32,56,76,95,119,114,123,119,20,65,87,90,101,101,105,97,104,103,2,30,37,39,40,40,37,63,102,100,35,49,83,93,100,103,107,97,107,106,30,47,85,99,104,104,113,107,106,110,1,40,70,75,100,104,102,112,107,103,39,99,98,107,108,108,113,109,109,104,17,21,21,23,36,69,91,95,100,106,0,52,73,78,86,94,104,102,96,98
DG75,PCI-32765,102,44,61,83,93,110,109,111,105,102,118,60,85,99,102,117,107,105,104,99,107,38,51,56,54,52,52,90,112,121,121,70,102,110,103,111,111,106,105,117,124,40,80,97,121,116,111,117,116,112,122,31,42,56,99,124,129,121,118,112,115,56,110,115,114,114,112,119,115,120,122,98,110,114,116,125,117,124,115,112,124,1,19,54,77,87,95,98,108,110,114,57,77,82,83,94,80,84,92,96,107,22,28,32,40,61,87,118,115,128,119,18,28,36,48,60,82,118,122,125,117,52,82,118,101,125,119,121,124,123,123,26,43,51,59,60,67,91,109,115,118,1,2,2,2,5,37,69,89,111,120,46,74,102,106,120,106,117,123,116,121,68,75,76,83,92,77,91,84,91,90,63,65,83,97,104,94,103,104,98,97,52,64,85,96,104,105,105,99,110,111,33,83,95,107,107,107,108,108,104,111,56,67,84,104,108,104,109,109,115,115,119,106,98,119,123,113,122,126,110,123,43,90,116,122,131,116,124,121,127,120,12,13,36,61,79,104,126,121,126,117,14,49,76,96,107,101,106,97,107,102,2,31,42,46,43,46,39,63,104,105,34,49,73,95,99,103,103,111,105,114,28,46,81,101,106,106,105,106,113,104,1,39,65,90,113,102,105,106,107,101,39,90,101,100,108,103,107,108,108,105,19,21,23,22,34,65,93,91,99,99,0,49,62,69,86,90,99,98,113,100
DG75,CAL-101,94,40,55,68,77,88,86,97,94,91,97,68,82,85,98,100,101,100,89,97,100,34,42,42,42,39,45,77,101,99,107,70,85,93,105,95,99,102,96,106,103,36,61,91,106,99,107,102,108,110,102,25,36,41,83,101,114,106,107,110,107,53,94,94,104,104,103,109,102,115,106,93,94,93,93,107,100,103,107,108,114,1,20,54,70,94,97,101,98,109,106,54,72,68,76,85,85,84,91,86,97,26,31,35,40,57,77,104,105,111,114,16,30,36,42,57,75,101,106,108,102,50,82,101,89,97,107,112,113,114,118,26,42,44,51,53,63,77,105,116,114,1,2,2,2,7,37,72,86,96,107,45,72,86,87,101,96,100,111,99,110,74,79,79,86,91,86,88,83,91,91,62,68,73,86,105,93,98,96,103,94,47,64,77,86,99,104,103,100,105,106,32,87,92,101,102,105,108,105,107,102,57,72,83,102,103,105,113,105,111,108,117,106,99,99,112,109,100,117,118,113,38,90,108,102,112,104,110,111,117,107,12,13,33,50,71,92,106,109,114,108,20,54,86,101,97,101,104,98,108,100,2,28,38,43,42,42,39,73,101,100,33,44,75,97,96,106,99,104,101,98,1,44,79,97,102,103,104,108,101,106,1,40,66,90,93,99,103,104,108,99,40,92,101,98,98,99,101,107,102,100,18,22,23,25,31,67,82,87,96,103,0,49,62,71,82,85,95,94,93,101
DG75,OTX015,56,39,44,47,58,61,66,64,55,58,59,43,52,51,57,61,59,63,59,64,60,39,44,46,44,47,47,44,59,66,68,46,53,59,64,59,67,65,59,67,65,25,39,54,65,65,65,68,69,69,67,35,40,53,65,79,78,76,70,72,70,41,52,64,64,61,61,71,70,68,62,57,55,60,62,65,62,66,66,73,60,0,12,45,53,57,64,61,72,63,67,39,50,48,54,57,62,54,58,55,63,26,35,34,45,56,65,67,67,75,71,19,33,40,46,53,61,68,73,64,70,38,58,67,66,69,75,70,77,74,79,26,36,38,40,42,47,54,72,68,75,1,2,1,1,4,23,51,64,75,76,32,53,61,62,64,68,68,80,78,71,51,54,56,61,53,63,61,56,59,56,45,44,52,57,60,62,62,60,59,61,46,48,53,56,67,63,66,63,65,64,21,57,61,60,71,69,70,66,65,67,43,52,58,59,72,65,70,71,69,67,82,70,68,70,77,81,72,71,73,69,26,60,63,60,69,70,68,69,77,70,10,9,25,39,45,64,67,71,69,76,13,29,47,58,62,70,64,64,65,61,3,31,38,38,41,41,32,29,53,58,36,36,50,53,58,66,65,62,62,63,27,34,51,59,67,70,66,68,67,63,1,30,43,54,60,63,64,66,68,70,26,57,66,58,68,68,65,68,69,65,16,18,22,21,25,39,47,56,60,63,0,28,42,50,55,65,64,64,60,63
Yakobo,DMSO,90,45,87,103,111,112,108,112,110,118,116,88,96,100,108,103,104,113,118,118,129,13,18,21,18,39,99,120,125,127,123,106,109,112,110,126,123,116,126,124,117,116,108,121,122,122,129,129,137,143,126,2,4,8,56,89,107,123,126,126,122,75,118,124,126,125,129,122,125,131,131,99,105,104,112,120,117,121,112,105,124,1,3,53,79,89,90,95,112,104,113,70,73,68,77,74,73,76,75,74,74,41,51,56,69,84,105,125,117,133,121,47,52,60,68,86,102,122,122,122,127,70,106,122,126,121,119,118,128,129,130,50,62,84,94,111,115,123,123,132,128,1,2,1,3,10,29,58,82,109,124,60,109,137,134,154,148,137,128,135,130,73,75,72,73,75,77,78,70,73,84,62,64,69,76,75,73,78,83,86,86,28,65,84,91,95,91,97,88,97,91,1,55,71,85,91,89,91,94,97,89,66,72,77,91,92,93,90,99,104,96,109,99,97,126,125,114,112,126,120,118,90,114,120,127,128,119,121,113,134,128,16,10,39,65,75,99,116,124,122,119,58,100,99,108,101,96,98,95,102,102,2,18,26,28,56,97,100,104,110,103,26,96,99,97,97,101,105,96,105,105,46,64,99,112,107,100,101,100,99,100,1,60,93,95,101,93,99,99,103,102,62,89,98,102,106,110,101,103,103,100,20,26,26,34,80,99,105,102,106,103,0,64,86,100,99,100,100,99,97,106
Yakobo,PCI-32765,113,51,96,123,126,130,121,117,123,123,129,67,93,116,125,129,126,133,120,131,134,14,22,23,23,47,114,130,135,127,126,83,108,125,139,134,129,138,127,137,136,94,108,146,115,125,143,128,122,135,137,3,5,14,66,107,117,125,129,135,130,78,117,149,153,130,143,140,133,143,125,88,110,128,136,127,129,139,131,131,133,1,4,58,89,92,103,107,120,111,134,78,84,85,84,80,85,82,83,87,83,49,61,69,81,91,130,140,140,144,140,58,67,80,91,104,122,135,138,150,137,84,125,157,147,142,156,147,145,146,158,63,77,108,117,126,146,156,150,157,155,2,2,2,3,13,37,68,104,127,134,63,123,165,172,167,158,155,140,156,141,83,84,82,87,81,85,88,83,86,94,71,71,77,92,84,93,89,89,89,90,31,81,95,119,114,116,118,114,111,119,2,61,79,93,96,95,103,100,106,109,77,84,91,111,116,106,106,121,118,120,125,115,103,134,136,135,129,134,133,132,90,106,119,142,137,128,142,136,144,135,21,15,45,70,96,119,135,144,150,144,38,84,98,101,100,99,101,92,97,101,2,21,26,30,45,98,109,107,100,104,29,90,92,102,99,111,107,107,104,106,49,61,94,117,111,108,109,110,108,103,1,65,89,99,102,103,98,96,107,104,64,93,89,96,109,107,110,108,109,108,24,27,30,38,81,108,106,109,104,108,0,59,84,96,106,104,101,111,106,103
Yakobo,CAL-101,93,56,80,85,94,82,95,99,100,105,101,73,78,78,89,95,97,108,112,113,104,15,22,24,27,38,86,107,106,115,111,95,94,97,101,100,106,103,110,113,112,91,98,101,101,114,107,101,113,121,125,3,5,15,59,82,92,106,104,114,115,78,99,97,104,100,112,112,111,120,124,87,87,87,93,93,106,108,104,119,115,1,4,66,94,101,95,100,107,111,110,87,91,83,86,85,87,83,88,94,94,54,63,66,79,85,102,124,120,126,136,64,68,75,79,91,95,110,122,122,131,91,120,103,107,109,116,112,116,137,132,66,83,84,87,104,118,121,128,145,129,2,2,3,7,22,52,72,97,127,136,69,104,124,134,133,126,120,114,137,135,90,92,95,97,93,88,92,89,92,95,75,81,83,81,85,91,82,91,90,100,36,92,94,90,96,99,100,99,104,101,3,63,74,83,87,93,97,104,116,109,87,89,97,97,109,103,103,114,113,116,139,115,110,113,124,117,121,124,124,122,103,118,122,126,115,118,118,121,125,124,22,14,43,68,84,100,126,118,130,133,52,100,99,98,96,89,97,96,103,105,3,22,30,34,43,94,105,101,101,113,29,105,102,98,102,103,97,103,108,108,51,68,97,111,102,112,107,108,109,113,1,73,91,94,98,94,99,98,100,110,81,102,91,95,98,103,104,105,101,111,27,30,32,37,71,100,109,107,105,111,0,65,84,90,97,103,106,105,109,111
Yakobo,OTX015,92,44,75,79,84,86,91,91,95,89,99,71,71,76,85,86,89,94,95,96,103,15,22,24,24,31,56,92,103,108,116,83,84,89,94,95,99,100,104,104,106,88,88,94,101,98,97,108,100,113,110,3,5,12,58,88,107,106,115,117,112,61,85,92,95,99,110,112,107,111,111,79,83,90,86,95,100,104,104,112,115,1,4,50,77,88,95,102,102,107,117,73,83,85,89,90,87,90,86,91,88,50,68,68,75,94,94,107,115,113,122,60,67,75,82,95,94,104,115,114,122,80,96,96,96,103,113,100,118,123,123,53,66,63,71,77,90,101,105,123,124,1,2,1,3,16,44,69,104,116,123,55,82,98,96,101,101,109,116,121,123,80,84,84,85,85,85,88,81,83,90,74,79,75,80,80,82,83,85,85,92,23,74,82,91,90,94,101,94,94,92,2,62,70,77,77,88,86,90,95,94,75,81,82,92,94,96,89,87,97,98,105,97,100,102,116,112,111,108,104,107,84,101,107,103,107,107,107,100,110,115,19,17,49,69,81,97,105,105,109,116,49,77,88,90,92,89,91,91,91,88,3,20,23,17,43,83,94,94,91,90,21,78,93,91,85,95,91,94,87,95,34,52,79,92,93,98,99,95,94,87,1,51,79,83,93,89,92,88,92,94,47,85,90,93,90,92,93,99,94,89,28,33,37,38,61,83,97,93,92,98,0,60,78,86,88,87,94,93,93,91
BL-41,DMSO,107,0,30,59,76,85,84,83,81,85,87,45,68,69,80,81,79,82,93,86,86,3,4,3,3,2,2,2,11,52,81,29,65,80,94,92,99,96,102,95,93,10,43,99,103,95,102,96,107,102,100,1,1,16,87,123,136,119,110,101,98,10,87,99,100,92,100,96,98,103,104,97,95,89,90,90,92,99,97,107,100,0,1,10,50,66,92,96,101,100,104,25,52,49,50,55,57,61,65,71,74,1,7,14,20,26,55,93,102,98,98,2,9,12,21,30,59,87,100,101,102,7,50,89,81,77,95,98,98,107,104,0,1,2,2,2,2,1,15,78,98,0,1,1,1,1,1,4,23,35,65,0,41,63,66,84,79,86,86,99,99,41,52,54,52,58,62,61,58,69,80,21,15,97,108,104,99,99,104,98,102,1,26,55,84,96,98,98,99,105,97,3,42,77,95,106,98,98,106,111,103,28,62,91,104,104,102,108,101,99,96,75,86,105,114,112,114,105,107,107,102,15,104,116,109,115,109,100,100,106,99,1,2,2,1,4,33,70,87,104,97,50,64,99,99,116,109,105,104,96,97,0,1,1,1,10,58,105,115,106,100,1,1,3,29,69,97,104,106,110,105,22,1,62,84,100,106,103,96,104,102,0,1,19,54,86,102,109,106,100,104,0,1,42,79,105,109,106,103,104,104,0,0,1,1,5,55,76,84,87,93,0,3,45,71,93,87,95,86,100,96
BL-41,PCI-32765,90,1,32,80,95,100,109,101,103,92,96,51,77,93,93,104,105,109,105,92,89,2,3,2,2,2,2,2,20,59,82,41,83,107,110,113,109,103,106,98,98,12,39,97,107,113,114,108,104,96,93,1,1,17,88,126,135,125,106,101,89,9,97,109,108,113,115,113,108,99,94,96,102,94,104,104,104,105,101,96,100,0,1,10,72,89,110,108,105,94,93,32,53,60,63,68,68,70,68,72,73,2,8,18,22,30,59,89,103,95,95,2,12,17,26,37,60,93,100,99,96,10,58,85,89,99,96,101,109,98,105,0,1,2,2,2,1,2,9,75,93,0,1,1,1,1,1,4,25,34,63,0,43,63,84,82,82,88,85,94,96,47,50,52,60,65,63,58,71,73,83,31,16,89,93,93,97,90,97,102,99,1,17,48,76,98,106,96,108,102,101,5,42,70,79,94,103,99,112,104,100,43,66,84,92,93,101,100,98,98,97,93,93,89,102,110,112,112,106,104,105,13,109,123,114,111,117,114,115,105,101,0,1,1,1,9,46,71,82,99,99,62,69,101,114,114,124,110,116,107,99,0,0,1,1,10,55,121,117,101,99,1,1,3,35,79,108,111,114,105,101,13,0,53,89,108,117,109,104,107,99,0,1,22,68,99,109,114,110,101,96,0,3,58,101,113,118,116,115,102,94,0,0,1,1,7,70,90,96,95,98,0,3,52,81,92,105,112,112,101,86
BL-41,CAL-101,88,1,30,67,82,82,93,90,89,82,87,46,71,76,84,93,89,93,93,88,81,2,4,3,2,2,2,2,10,51,80,28,70,87,92,98,103,101,101,94,89,10,29,87,98,98,98,110,102,98,96,1,1,13,80,115,128,116,108,97,89,6,77,89,101,98,103,107,100,102,99,93,95,91,98,97,94,101,95,101,95,0,1,7,61,88,101,102,97,105,101,22,53,55,61,60,64,64,66,70,70,2,9,17,24,31,57,90,100,90,91,3,15,22,27,37,65,96,101,100,92,10,62,84,89,99,106,115,113,110,101,0,1,2,2,2,2,2,6,73,93,0,1,1,1,1,1,6,28,36,66,0,42,73,82,84,86,87,93,97,97,47,57,65,63,69,68,74,73,81,83,3,15,95,100,104,107,109,102,100,98,1,13,58,81,104,110,114,110,103,103,5,41,77,97,109,109,106,106,104,100,36,69,91,99,106,109,113,110,100,98,86,98,100,103,123,120,115,114,105,95,14,109,118,112,115,112,110,109,105,99,1,2,2,6,6,44,80,107,101,102,56,68,91,107,111,115,104,99,108,103,0,1,1,1,6,47,100,118,108,100,1,1,3,26,66,99,112,109,114,105,21,0,47,77,97,100,103,108,101,99,0,1,16,50,87,101,104,110,98,104,0,2,42,78,97,102,104,106,101,99,0,0,1,1,4,57,84,86,94,94,0,2,44,70,93,90,98,105,105,99
BL-41,OTX015,48,0,16,25,31,36,37,36,42,48,45,11,21,28,34,34,35,34,36,47,40,2,4,3,2,2,1,1,1,12,32,21,24,31,36,35,36,36,40,51,49,9,14,31,39,41,38,43,40,52,50,1,1,2,45,70,67,64,50,54,44,4,29,33,40,39,42,43,44,53,52,32,34,33,33,38,38,38,39,51,50,0,0,3,19,34,37,42,46,55,52,14,22,26,30,32,34,33,32,31,30,1,7,16,21,26,34,37,42,55,56,2,11,17,23,29,34,37,41,50,49,5,30,35,42,49,48,46,48,55,55,0,1,1,1,1,1,1,9,40,48,0,0,0,0,0,0,12,31,42,53,0,15,29,31,33,33,32,34,49,49,18,25,29,32,31,32,34,32,35,39,5,3,28,38,36,39,38,39,53,47,0,8,20,31,40,44,43,44,53,52,3,14,25,32,39,40,38,46,55,54,17,26,30,35,41,44,43,46,51,51,42,39,40,43,50,55,47,50,56,52,25,57,51,48,43,46,43,43,58,55,1,2,2,5,14,35,45,45,56,54,16,17,28,36,43,45,43,44,56,52,0,0,1,1,1,24,47,45,52,51,0,1,1,6,20,40,46,44,54,53,0,0,10,26,36,41,39,42,56,50,0,1,4,11,30,41,43,45,54,53,0,0,8,26,39,43,43,43,53,48,0,0,1,1,5,18,29,35,45,52,0,1,13,27,38,42,47,42,54,53
Seraphine,DMSO,103,15,37,53,69,80,81,85,87,84,88,23,36,45,68,73,85,86,87,89,87,14,18,22,21,16,15,79,93,103,96,50,69,81,97,94,101,97,95,101,88,62,94,113,111,113,105,103,101,103,102,2,3,11,49,85,102,104,101,97,96,10,27,51,70,101,98,105,105,107,93,61,85,81,87,89,88,94,97,100,92,1,2,32,51,69,93,101,103,99,100,38,46,52,57,50,60,60,62,64,71,27,39,38,39,58,69,107,99,102,106,40,41,40,46,56,78,92,103,103,103,37,52,69,81,99,103,117,103,98,102,20,40,42,41,53,54,53,61,99,100,1,1,1,1,4,13,20,51,104,104,28,43,44,44,49,43,48,75,84,96,46,49,55,48,55,56,58,62,72,76,56,58,70,69,73,77,79,86,87,98,19,42,70,88,94,98,103,98,103,103,6,32,100,100,102,106,112,108,102,102,31,47,54,56,74,80,88,91,89,98,77,74,67,84,98,105,100,105,107,99,40,85,91,87,99,105,106,101,107,103,9,8,25,32,38,60,104,109,107,103,69,77,96,105,102,112,107,105,102,100,8,17,19,12,3,26,60,87,94,100,11,34,48,60,94,112,106,110,101,109,2,20,47,77,95,107,104,111,106,101,0,21,34,56,72,89,94,102,102,100,37,57,77,95,103,107,110,113,110,100,8,13,11,12,25,56,88,107,96,102,0,31,38,50,69,82,100,100,106,102
Seraphine,PCI-32765,88,20,43,63,85,93,93,95,95,89,85,29,41,52,65,75,84,84,81,85,90,20,23,22,24,17,19,66,86,89,88,49,67,88,91,105,93,99,95,88,93,76,93,99,103,105,106,99,97,103,99,2,3,10,47,83,88,96,99,89,95,10,28,50,72,98,103,109,105,102,101,79,75,77,87,80,77,84,90,91,87,1,1,29,52,65,88,96,97,100,98,31,47,48,52,55,53,52,59,64,68,28,42,44,47,60,80,98,102,107,104,39,42,44,48,57,69,85,98,106,102,42,62,74,88,111,112,109,109,100,107,15,34,37,37,42,48,55,61,88,105,1,1,1,1,6,13,20,52,95,97,30,51,56,56,58,64,62,69,96,96,47,50,49,54,54,50,57,59,68,74,66,84,80,85,75,81,84,83,81,86,22,42,74,96,101,107,102,109,100,106,7,44,94,96,98,96,105,99,105,101,36,48,48,54,62,71,76,86,88,92,78,86,74,96,109,107,105,100,98,96,37,68,74,80,73,94,91,100,100,96,9,8,25,34,41,50,93,99,99,95,68,82,100,102,103,105,103,101,99,99,10,18,18,14,3,22,55,76,93,92,12,43,47,56,85,93,95,95,95,95,2,20,44,73,89,100,111,103,98,93,0,23,40,59,77,90,85,96,97,96,34,60,80,83,102,96,107,91,95,94,11,14,10,13,28,65,79,97,100,95,0,28,35,47,58,72,81,85,90,82
Seraphine,CAL-101,82,18,38,46,54,65,71,73,68,70,71,30,40,53,70,76,81,80,81,81,80,13,18,17,18,13,12,54,78,82,83,41,54,76,84,86,87,83,83,80,78,52,81,90,89,86,88,86,86,93,83,1,2,7,33,56,78,96,84,87,82,9,20,33,57,78,88,85,86,87,85,60,70,67,73,83,72,83,83,88,82,0,1,27,46,56,81,88,84,83,85,34,44,43,44,49,50,52,50,51,57,18,24,27,34,38,55,82,81,87,84,27,33,33,37,45,60,85,86,87,90,33,49,63,69,81,85,91,88,91,92,14,25,29,32,33,43,38,37,82,91,1,1,1,1,6,11,18,44,83,87,24,39,47,46,47,54,47,58,71,81,40,46,45,46,44,46,46,45,52,65,36,51,62,64,65,72,69,70,71,74,20,34,52,71,81,86,85,91,83,90,6,33,83,90,98,84,94,89,91,87,33,43,51,61,67,77,82,84,85,83,61,63,53,73,89,94,87,98,93,88,22,60,72,70,67,78,84,83,96,86,8,7,20,29,38,50,85,90,84,86,59,61,82,93,95,89,88,88,84,82,7,16,16,8,3,21,50,71,83,85,14,29,42,52,80,88,89,90,84,83,2,14,37,65,88,90,102,84,92,86,0,20,31,42,55,71,77,81,89,82,26,47,64,76,79,93,78,84,88,83,9,12,10,11,23,43,64,81,85,79,0,25,33,42,45,60,77,83,83,78
Seraphine,OTX015,60,16,37,46,55,56,57,56,54,60,55,25,36,42,49,48,54,53,56,56,57,17,20,20,24,20,6,27,56,67,61,42,58,62,61,62,69,72,67,59,59,51,69,70,71,84,67,68,72,76,68,2,4,13,45,60,74,69,67,73,61,9,23,43,60,65,72,65,70,69,70,52,54,59,58,58,60,54,63,61,65,0,2,24,44,59,60,65,67,74,65,30,37,41,47,48,49,47,46,48,55,24,34,39,40,51,63,66,67,60,71,31,43,46,49,53,62,55,67,78,70,22,45,55,61,66,71,77,72,67,67,25,41,48,50,59,58,56,51,70,67,0,1,1,2,7,19,22,42,68,65,23,39,41,47,51,49,51,60,61,69,34,41,43,47,42,49,48,47,52,53,47,51,56,57,53,55,52,59,59,60,21,34,56,62,65,65,84,67,74,67,9,45,67,68,80,71,72,69,65,64,36,43,44,48,44,57,58,58,60,61,49,55,51,64,85,72,70,69,66,68,33,53,61,62,64,67,65,72,73,67,9,11,23,33,42,57,82,65,66,67,50,54,60,69,69,67,68,64,63,62,8,18,19,6,5,29,61,63,64,63,10,24,40,47,57,65,71,65,64,65,5,18,36,53,66,64,59,66,67,61,0,12,31,39,45,52,56,61,62,63,22,41,55,59,65,68,73,67,62,62,7,15,16,18,25,41,53,61,66,61,0,22,37,43,54,55,52,62,59,58
Ramos,DMSO,100,1,30,62,84,89,99,107,94,94,97,47,69,89,105,112,100,109,104,102,102,1,1,1,1,8,81,95,97,100,96,111,112,107,109,103,102,117,108,100,93,85,109,121,119,127,107,109,112,109,111,1,1,3,2,25,90,103,105,103,91,28,99,111,107,121,110,98,105,104,102,107,96,108,114,98,101,113,94,106,94,0,1,9,68,80,93,96,90,103,99,26,43,52,53,52,62,52,54,58,64,4,22,31,46,68,64,97,99,115,99,11,28,37,48,65,89,95,109,107,114,24,50,76,84,93,111,110,101,100,101,0,1,1,1,1,1,2,6,63,100,0,0,2,4,29,44,78,85,120,100,0,35,51,59,62,65,66,93,94,108,35,42,47,44,54,48,53,53,65,70,76,82,101,96,86,102,97,98,106,98,7,25,77,86,86,98,106,95,104,102,1,29,96,94,117,101,97,95,112,106,34,50,76,87,94,95,92,107,103,97,80,112,98,102,112,103,113,96,107,113,11,94,95,97,97,110,100,97,113,101,0,1,2,3,26,82,105,115,109,106,54,56,103,107,107,109,108,100,102,96,0,0,1,2,6,103,120,104,107,103,0,6,38,74,115,91,107,111,104,110,6,14,75,94,99,121,98,105,110,98,0,0,49,79,100,95,111,106,97,98,3,88,100,109,107,116,93,114,100,115,1,1,2,4,28,65,85,85,99,96,0,0,4,23,63,88,92,109,103,100
Ramos,PCI-32765,97,1,35,66,87,91,100,103,94,98,96,46,64,80,90,100,97,106,95,100,97,1,1,1,1,13,79,103,114,100,98,107,120,104,110,116,100,106,95,106,106,94,96,110,119,99,109,99,99,101,97,1,1,2,2,43,84,97,100,98,101,15,101,103,104,98,102,104,92,102,97,89,97,96,105,109,107,101,89,103,110,0,1,9,61,77,90,92,95,96,90,22,47,44,51,58,56,61,59,63,71,1,18,31,36,46,66,90,92,97,90,7,25,37,44,67,72,89,96,103,113,20,52,72,74,83,98,99,110,100,99,0,1,1,1,1,1,1,13,73,102,0,1,2,3,15,37,71,91,96,98,11,40,42,41,59,70,72,82,92,98,35,42,46,44,47,53,52,51,61,65,55,82,65,86,97,95,97,104,101,105,6,30,64,79,85,91,102,89,96,96,1,20,90,96,106,98,101,100,100,113,39,51,70,78,78,89,98,89,100,98,79,99,91,90,116,120,102,103,106,99,16,92,95,95,97,94,105,97,102,102,0,1,1,4,21,82,90,103,111,98,77,78,102,102,104,109,101,93,97,98,0,0,1,5,6,112,126,100,101,92,1,10,32,66,94,116,98,101,100,114,9,10,64,96,116,109,107,112,104,105,0,1,46,79,91,99,106,94,114,97,3,68,94,109,117,112,106,110,99,95,1,2,2,4,27,70,74,90,94,96,0,1,25,42,72,88,98,112,102,95
Ramos,CAL-101,94,1,28,57,74,89,95,95,92,96,99,42,71,92,104,105,98,106,107,93,106,1,1,1,1,9,79,97,98,102,95,102,102,99,104,95,101,109,100,91,98,83,89,109,114,114,107,99,107,115,94,1,1,2,2,37,78,102,108,100,87,22,104,111,101,97,105,110,95,95,101,100,94,95,105,98,101,91,97,97,94,0,1,6,58,83,84,92,96,99,97,22,44,47,44,51,53,52,51,67,62,2,15,27,37,49,63,93,103,102,92,10,21,48,45,57,65,79,90,99,97,16,41,73,73,85,98,111,92,111,110,0,0,1,1,1,1,1,10,61,94,0,1,3,8,28,54,78,92,97,95,6,26,51,47,57,64,66,70,91,102,38,38,39,44,51,50,50,58,68,69,35,79,87,93,94,98,90,105,88,97,5,27,72,76,94,91,82,87,104,88,1,26,96,97,97,95,118,102,97,111,28,59,73,86,91,100,95,97,98,99,86,98,93,96,90,95,94,101,104,105,18,93,108,96,103,99,110,98,107,95,0,1,2,3,19,79,82,106,111,112,60,73,107,111,111,114,102,98,95,100,0,1,1,1,9,65,97,112,98,100,1,7,32,68,94,102,98,102,100,98,19,16,80,92,106,103,116,103,102,98,0,1,38,78,93,107,100,99,98,99,3,62,97,112,104,103,100,103,103,104,1,2,3,4,20,65,86,91,99,99,0,0,7,21,56,85,92,99,95,90
Ramos,OTX015,71,1,22,39,63,73,80,80,72,76,72,30,52,57,68,77,73,74,80,69,67,1,1,1,1,2,20,55,77,80,72,81,83,83,91,89,86,79,77,80,78,69,86,91,98,87,87,89,84,79,82,1,1,4,44,40,66,76,85,78,85,15,67,77,82,84,83,83,80,81,72,71,81,85,88,79,87,98,80,82,87,0,0,5,47,60,69,73,74,76,77,21,38,50,50,53,54,51,52,55,54,3,19,33,45,58,73,78,76,75,77,9,24,44,54,70,75,75,76,81,77,12,36,49,61,82,85,95,90,78,88,0,0,1,1,1,1,2,15,61,74,0,0,2,12,26,48,81,81,77,80,0,1,48,49,50,54,60,56,72,83,34,40,43,47,49,51,51,50,52,56,31,54,67,79,82,76,81,74,83,78,4,29,55,72,77,79,83,75,77,80,0,40,75,81,79,84,88,85,81,78,20,41,64,77,79,78,77,76,77,84,62,79,76,80,87,87,82,74,80,79,23,78,84,83,85,83,92,84,84,76,0,1,1,10,37,77,89,86,86,90,23,38,69,82,81,89,77,79,80,72,0,0,1,1,2,5,89,87,83,79,0,4,44,64,78,86,85,78,88,86,11,15,47,72,85,83,79,79,75,73,0,0,17,52,72,86,77,81,85,72,0,25,59,78,86,82,83,84,74,84,0,2,3,4,16,39,55,70,80,78,0,0,2,12,54,79,82,81,76,72
BL-60,DMSO,105,1,4,21,60,82,89,91,85,89,94,17,52,67,89,94,92,98,91,102,92,1,1,1,2,2,7,44,68,95,97,23,39,67,91,100,101,99,99,104,100,23,83,108,109,104,109,110,104,107,109,1,4,29,63,102,120,115,107,106,104,5,71,96,108,106,109,107,96,104,108,88,98,97,88,102,106,106,102,104,111,0,1,1,29,61,88,99,87,101,106,10,44,49,50,51,54,54,56,61,59,2,18,33,47,62,72,88,105,102,107,4,23,43,46,65,70,86,97,106,103,4,13,37,53,86,97,100,98,102,111,0,1,1,2,2,3,8,40,89,103,0,0,0,1,1,1,6,23,44,82,1,8,25,31,31,26,28,45,87,97,38,51,51,50,55,56,57,57,63,69,23,19,84,93,100,106,98,99,106,105,1,19,65,93,106,102,111,108,114,110,6,24,82,101,115,107,116,103,113,108,6,26,62,82,91,103,98,106,104,102,72,84,101,110,113,118,110,109,111,110,9,65,100,105,104,114,110,106,116,108,1,1,3,16,28,52,97,111,119,110,29,40,82,95,115,111,103,103,116,113,0,0,1,6,6,41,79,103,107,107,1,3,13,34,67,103,110,110,110,106,29,6,62,98,115,110,111,110,110,111,0,2,11,48,81,92,104,104,111,113,3,31,70,90,102,109,105,106,109,106,1,3,3,3,4,6,35,68,93,101,0,1,8,27,51,68,90,89,106,103
BL-60,PCI-32765,82,0,3,15,40,61,72,69,73,83,84,13,36,48,55,63,61,66,67,74,76,1,1,1,2,2,5,30,54,76,83,23,40,60,69,72,76,77,76,83,83,17,60,75,74,75,76,77,74,86,80,1,3,17,45,73,84,80,75,89,84,4,55,69,70,73,79,79,74,91,96,65,69,66,75,71,76,70,74,88,88,0,0,1,25,49,64,77,72,86,82,10,37,42,46,43,47,47,49,48,49,2,16,27,36,48,57,66,68,85,84,6,24,37,42,46,58,66,73,92,84,5,17,30,44,61,68,70,74,88,94,0,1,1,1,1,2,4,24,75,89,0,0,0,1,1,1,8,27,47,72,0,10,22,23,26,23,24,31,66,79,31,44,43,47,46,49,48,53,52,57,11,10,63,68,61,70,73,78,96,87,1,14,44,65,79,82,83,80,96,86,5,19,57,73,77,80,80,77,88,88,8,17,39,56,69,76,75,69,87,89,60,62,66,75,80,81,77,77,95,86,8,55,67,78,78,81,79,76,96,95,0,0,1,15,34,50,76,73,92,92,21,27,56,71,77,81,78,80,95,92,0,0,1,3,7,18,60,77,98,90,1,2,11,26,48,73,80,78,98,92,0,5,38,67,80,84,81,74,93,86,0,1,9,35,57,66,73,73,95,95,4,22,46,63,71,73,81,75,94,90,1,4,4,4,4,5,20,43,73,82,0,2,10,25,41,52,67,73,88,86
BL-60,CAL-101,88,1,3,16,41,55,65,65,65,81,87,15,41,56,66,68,71,77,71,85,83,1,1,1,1,2,5,29,52,89,89,22,37,55,71,75,76,80,74,92,91,16,63,76,75,75,79,77,76,91,97,1,2,15,46,81,83,85,74,96,84,2,56,67,67,77,75,79,80,99,95,62,68,66,71,66,74,78,76,91,90,0,0,1,26,52,64,73,73,93,93,8,43,47,49,49,52,50,51,54,52,2,16,29,40,46,58,64,71,99,100,4,23,34,41,50,57,65,69,94,90,4,15,24,42,58,71,73,78,92,97,0,0,1,1,1,2,5,32,77,86,0,0,0,0,1,1,7,29,44,77,1,7,20,21,22,21,24,31,68,81,36,46,50,54,54,52,54,54,52,59,5,3,54,66,68,73,78,75,91,91,1,16,42,65,69,72,83,76,94,98,5,22,63,74,74,78,76,76,95,93,6,22,47,58,69,77,79,73,90,98,68,74,71,75,77,87,80,80,103,93,10,60,69,74,75,80,80,85,102,97,0,1,1,13,32,51,72,79,99,101,24,31,53,70,72,77,78,81,98,99,0,0,1,2,7,17,65,75,97,94,1,3,10,26,48,75,79,76,100,95,25,4,45,70,79,82,78,74,101,96,0,1,9,29,51,65,78,77,97,100,3,22,49,61,69,76,80,78,96,94,1,3,4,3,3,5,23,50,81,87,0,1,6,17,31,51,64,69,93,90
BL-60,OTX015,63,0,2,8,23,35,39,43,42,59,58,8,21,30,35,39,42,42,45,59,58,1,1,1,1,2,2,8,22,54,62,17,23,33,44,47,49,50,47,61,65,17,42,46,46,44,50,49,49,66,68,0,1,9,41,58,58,58,53,69,63,2,31,45,46,48,48,48,47,68,64,39,40,45,47,47,49,48,50,63,67,0,0,1,17,32,46,46,47,65,68,6,32,35,37,36,39,39,42,40,39,2,19,29,33,40,46,47,49,66,68,5,22,33,37,41,47,49,49,67,67,2,9,14,25,42,44,52,48,64,65,0,1,1,1,1,2,8,27,59,62,0,0,0,0,0,1,6,19,51,65,0,2,12,13,12,12,11,17,60,59,27,33,38,38,39,39,37,40,46,46,23,7,41,43,44,44,45,46,67,65,1,13,23,40,48,48,52,51,67,69,2,15,35,43,50,49,48,49,70,69,4,14,22,33,39,43,46,48,66,66,47,41,45,47,51,51,53,50,73,66,9,42,44,48,53,51,52,53,70,66,0,0,2,16,29,43,50,53,68,73,13,16,32,40,45,51,49,48,72,71,0,0,1,1,2,12,50,49,68,69,1,1,9,21,28,45,50,49,70,65,13,2,29,42,49,49,47,47,71,74,0,0,3,14,35,42,46,52,69,69,0,9,25,37,44,46,50,54,67,69,0,2,3,3,2,4,11,26,58,67,0,0,2,8,17,28,42,47,65,65
BJAB,DMSO,105,2,17,36,70,96,87,85,93,84,83,31,52,68,72,74,78,85,83,85,79,3,2,2,2,2,42,79,88,84,85,87,90,92,93,100,101,99,100,94,91,22,37,54,86,97,98,98,107,90,101,1,1,9,65,103,109,99,104,102,89,46,101,104,103,105,102,101,104,96,92,90,102,88,93,102,96,98,102,88,89,1,2,28,74,80,95,94,97,98,99,32,43,44,45,43,45,47,47,53,54,4,9,28,39,50,77,86,98,95,95,6,10,31,36,52,73,83,109,93,93,7,25,57,100,106,105,100,112,96,97,0,1,3,4,8,38,79,104,104,96,0,0,0,1,1,1,2,6,69,94,4,25,33,33,33,32,33,56,89,95,41,42,44,44,45,48,49,52,60,73,14,21,58,66,67,76,74,79,97,96,2,14,44,72,81,83,85,95,101,102,7,47,81,80,83,79,84,78,105,98,4,9,20,38,48,62,70,76,85,90,64,64,63,74,77,87,92,96,102,97,43,71,75,75,76,84,86,90,96,102,3,4,8,9,19,49,68,86,102,99,48,57,71,74,84,93,88,91,103,103,1,3,2,1,1,36,80,83,103,101,2,16,58,72,77,84,85,93,104,100,48,32,60,74,86,87,89,87,101,98,0,7,28,62,75,87,89,94,107,100,21,57,75,78,82,91,88,97,99,93,1,1,2,4,11,24,56,80,94,94,0,3,12,23,46,65,78,77,94,88
BJAB,PCI-32765,82,2,11,22,58,77,72,72,72,83,74,13,32,49,57,60,58,64,73,70,68,3,3,2,2,3,44,69,81,80,74,65,76,74,81,79,79,72,76,84,78,15,29,44,70,95,80,89,91,80,78,1,1,4,50,79,86,84,86,81,80,40,78,92,89,85,88,82,88,85,82,69,76,84,79,83,80,79,83,81,83,1,2,18,58,71,77,79,88,79,85,29,38,40,43,44,44,44,49,48,52,4,9,23,33,39,57,71,87,83,80,7,13,25,33,40,63,69,82,81,85,5,19,34,69,87,82,84,84,89,91,0,1,2,3,5,30,61,83,98,86,0,0,0,0,1,1,1,5,65,83,4,13,19,19,19,20,20,32,72,80,38,42,42,43,43,44,42,47,55,61,6,13,65,76,78,72,92,74,83,84,1,17,57,81,83,90,81,85,86,92,9,43,88,90,95,83,79,88,86,83,5,10,26,41,51,62,62,70,82,81,57,50,66,74,92,85,86,87,84,90,42,85,95,85,83,89,84,92,90,84,3,5,8,7,21,46,66,72,85,84,53,67,82,83,86,86,79,79,91,84,1,4,3,2,2,19,68,87,82,89,3,20,61,80,88,90,82,92,82,89,50,32,68,88,91,88,81,87,93,81,0,8,31,70,77,78,80,93,89,94,19,53,75,78,90,92,85,78,87,86,1,2,3,7,14,25,46,71,80,91,0,5,16,35,57,69,71,85,87,82
BJAB,CAL-101,78,2,8,11,32,52,61,55,59,75,70,10,25,39,51,57,59,60,59,67,63,1,1,1,1,1,27,54,60,85,77,51,55,59,64,65,65,65,63,78,74,8,19,29,46,66,67,67,64,78,73,0,1,1,36,64,67,70,70,94,75,18,59,62,61,69,72,68,70,88,79,46,48,55,56,60,60,59,67,78,76,0,2,8,39,53,62,61,63,74,80,21,32,31,32,32,34,34,36,39,45,1,6,13,17,28,49,60,69,94,88,3,8,13,16,28,45,55,61,88,83,5,12,14,39,65,69,68,79,91,84,0,0,0,1,3,23,60,70,93,80,0,0,0,0,0,0,1,7,69,83,2,7,8,7,9,9,9,15,73,74,29,33,34,36,34,36,33,40,45,59,7,9,46,56,62,62,61,63,77,73,1,13,42,61,65,71,65,65,90,80,9,39,59,64,67,65,68,63,81,81,4,8,21,38,53,63,63,66,89,77,55,56,52,67,70,70,65,66,90,80,30,61,62,66,68,67,64,76,90,89,2,4,5,4,15,39,53,61,79,79,37,49,60,59,66,63,67,63,90,77,1,2,1,1,1,14,55,68,86,76,3,7,29,52,63,67,66,72,87,79,28,23,47,61,60,66,63,68,92,77,0,6,8,36,57,66,72,75,89,89,16,35,55,66,60,69,63,61,83,74,1,1,2,3,5,5,20,47,68,69,0,2,6,9,18,33,53,60,73,68
BJAB,OTX015,51,0,2,3,19,34,37,36,38,53,49,1,6,12,18,24,30,30,36,53,43,1,1,1,1,1,4,27,38,54,51,31,37,35,41,42,38,36,41,57,51,4,10,20,34,40,43,39,42,56,58,0,0,0,20,41,44,43,42,60,54,8,36,40,40,45,42,43,42,60,57,25,33,38,38,39,41,40,41,55,53,0,1,3,28,37,44,43,41,61,56,12,19,21,21,23,22,26,22,29,31,3,7,17,24,31,40,42,44,56,55,6,11,18,23,30,39,41,45,58,58,1,4,8,31,43,46,42,46,59,57,0,0,0,1,2,14,34,43,61,56,0,0,0,0,0,0,2,17,55,58,2,6,4,3,4,3,3,7,57,54,18,19,21,22,21,25,25,27,32,38,7,12,30,38,33,36,38,39,56,50,1,10,27,37,43,45,42,40,60,57,12,28,40,43,46,46,43,46,62,59,2,3,5,10,17,25,29,33,56,54,36,39,36,44,48,50,46,42,63,56,27,44,42,46,45,44,43,45,55,58,1,2,3,4,11,27,36,40,64,59,28,29,36,40,42,44,40,43,59,60,0,2,1,1,0,3,28,40,60,59,1,4,24,32,38,41,43,38,57,59,22,13,31,38,38,44,38,41,63,57,0,2,4,28,35,45,38,42,60,60,6,20,31,40,39,43,42,42,60,56,1,1,1,1,1,3,16,32,51,52,0,0,2,5,16,29,35,37,57,54
CA46,DMSO,100,36,63,86,96,106,106,106,103,100,103,67,74,89,100,101,104,100,102,102,96,18,23,24,26,25,29,83,97,101,101,86,97,99,103,107,104,105,103,100,99,69,83,93,110,111,113,111,101,108,105,30,38,39,64,94,103,103,106,103,101,66,100,103,106,112,109,106,106,105,101,88,99,94,106,107,107,103,103,106,103,1,16,51,89,99,99,99,98,104,103,60,67,65,69,70,68,65,65,68,70,42,50,57,65,79,102,108,103,106,100,52,57,63,68,82,101,105,100,98,104,47,60,90,93,95,102,104,104,101,100,17,30,33,38,46,53,60,68,89,99,1,1,1,1,1,13,47,70,97,99,36,64,87,95,100,98,97,95,100,97,60,64,63,71,68,66,69,67,72,76,54,67,88,99,100,102,97,106,101,102,38,67,81,97,103,101,103,94,99,102,63,79,98,96,101,99,97,100,100,97,53,75,87,98,97,100,96,97,100,97,91,95,91,99,103,103,101,98,104,98,35,90,97,100,101,103,102,97,106,103,6,8,23,38,48,70,96,95,99,102,72,86,97,100,102,107,99,97,104,102,1,10,14,23,25,68,108,108,102,99,7,50,79,86,92,104,101,100,99,99,12,30,77,95,101,100,101,97,101,99,1,46,74,89,101,99,103,99,96,99,36,73,90,95,101,99,98,99,103,95,13,41,50,52,72,89,89,92,96,98,2,35,57,72,86,93,97,95,98,97
CA46,PCI-32765,98,40,64,76,88,102,107,103,94,99,101,62,79,88,92,88,97,97,98,96,96,18,25,25,23,22,25,70,94,99,100,78,93,95,100,103,103,102,97,97,100,61,76,86,96,99,101,96,102,101,105,30,37,42,60,80,99,102,96,103,97,67,97,98,99,103,105,98,98,100,101,84,91,99,94,99,101,97,97,103,99,1,16,49,77,94,100,95,93,97,99,56,62,65,65,66,71,66,65,68,68,42,48,57,60,69,86,101,97,100,99,52,55,61,64,71,88,98,96,98,98,48,62,86,88,90,95,99,96,106,100,22,35,35,40,43,52,58,70,88,94,1,1,1,1,1,10,41,60,92,99,42,62,80,86,87,87,85,86,97,98,60,65,65,65,68,70,65,63,67,74,55,65,79,86,85,92,94,92,99,101,40,66,70,84,91,99,95,93,103,99,63,77,91,92,91,93,93,92,102,99,53,66,77,81,86,88,89,87,99,97,87,90,81,83,96,98,93,94,94,98,38,80,94,89,92,97,95,92,96,98,6,7,22,35,46,65,86,91,98,98,76,82,90,98,98,102,99,91,100,98,1,9,13,19,24,64,96,101,104,96,7,50,69,78,74,98,91,93,97,99,12,30,66,84,91,95,90,95,99,98,1,42,67,78,92,97,96,95,97,96,40,71,87,89,93,96,95,92,96,93,10,43,51,54,65,80,84,90,97,96,1,33,57,69,76,84,93,92,95,95
CA46,CAL-101,93,36,57,73,71,83,87,90,82,94,99,53,66,76,81,80,90,85,86,95,92,15,21,21,19,18,22,66,75,92,93,72,78,78,83,84,82,83,85,97,92,54,65,77,80,89,88,88,86,98,97,32,39,40,54,73,84,83,88,94,93,60,74,87,87,83,94,86,85,99,97,76,81,79,85,84,88,87,85,95,94,1,12,49,66,80,89,85,86,96,94,55,62,63,66,65,64,66,63,63,66,41,48,48,57,62,73,86,86,96,99,50,54,59,61,64,78,85,82,96,96,47,58,69,72,79,88,87,92,96,103,18,32,33,37,44,49,49,57,82,91,1,1,1,1,1,11,40,59,93,96,39,57,69,71,71,78,70,75,90,94,57,62,60,64,62,62,63,62,65,67,56,61,69,72,77,81,76,79,98,94,36,64,68,77,79,80,78,82,96,97,60,69,78,78,85,81,81,79,99,93,56,65,72,72,78,81,80,80,98,95,90,82,74,80,82,85,78,82,91,93,37,75,78,80,81,85,82,75,95,97,6,8,21,32,44,61,73,76,94,95,73,74,85,84,87,91,85,82,98,94,1,8,12,18,23,55,80,86,96,97,7,46,68,71,68,81,79,78,96,89,12,31,62,80,82,83,80,81,95,96,1,42,59,65,72,79,79,80,97,90,38,66,70,76,80,79,77,80,97,89,9,42,54,48,63,70,70,70,93,92,1,32,48,59,63,70,73,79,89,92
CA46,OTX015,83,34,51,59,63,68,71,68,67,84,86,49,56,60,64,66,68,67,69,87,80,16,21,21,20,21,21,34,61,83,88,61,64,68,72,70,70,67,69,87,84,45,54,58,64,68,73,71,66,92,92,37,41,46,54,67,72,69,68,91,89,57,63,65,69,69,70,65,72,89,92,62,64,65,68,69,74,67,71,93,87,1,15,43,56,65,69,64,67,99,90,50,59,57,59,63,65,60,58,61,62,42,49,55,60,61,66,69,70,89,92,55,55,59,58,64,65,66,69,85,87,41,52,62,63,64,69,74,64,93,87,25,39,41,45,46,53,55,63,83,87,1,1,1,1,1,14,40,58,91,94,34,55,61,60,64,65,63,68,84,83,58,57,61,60,60,65,59,61,65,66,56,56,63,64,65,65,67,70,93,89,43,61,60,63,66,68,67,65,97,92,61,66,68,67,68,68,67,67,91,88,43,57,60,66,67,66,67,61,92,90,72,68,65,66,68,70,67,64,90,91,44,66,68,68,68,71,69,66,92,89,7,11,25,35,44,47,60,65,93,92,56,60,67,68,69,72,66,66,88,89,1,8,12,18,20,40,62,70,88,90,7,31,57,61,60,69,66,69,88,91,17,28,54,62,68,68,69,66,94,89,0,34,53,57,66,69,68,65,91,87,20,54,65,66,66,64,68,69,90,85,7,40,49,52,51,60,58,60,85,86,1,25,40,52,55,58,60,64,81,85
Dogkit,DMSO,101,4,52,78,81,87,90,91,88,90,90,54,71,73,76,79,80,82,86,90,88,1,0,1,1,1,26,79,94,97,105,29,34,62,81,90,96,95,97,100,95,0,0,2,35,100,108,105,107,100,101,0,0,20,66,94,104,100,104,104,97,1,14,53,82,98,104,104,102,106,100,93,103,101,104,104,103,100,103,101,104,0,1,34,58,69,103,106,94,104,101,41,62,69,66,67,73,70,72,79,76,3,10,17,25,45,65,84,96,102,103,6,16,21,31,49,64,73,90,100,99,38,61,90,89,102,112,111,100,105,110,2,3,5,8,16,43,77,101,113,103,1,1,1,2,9,18,39,79,102,104,3,30,53,68,81,83,83,85,94,97,60,65,70,68,71,71,73,72,77,81,45,46,92,95,81,92,94,99,107,103,16,26,77,94,105,102,104,97,105,107,1,1,1,1,1,4,22,56,85,101,32,63,80,80,83,86,86,82,86,91,103,87,78,90,99,102,106,103,106,107,21,93,106,112,110,114,102,99,109,104,7,13,26,36,48,82,101,104,106,101,54,63,105,110,115,120,114,107,117,107,0,1,1,1,1,2,43,79,103,103,1,25,35,79,103,103,103,107,104,104,2,37,85,105,108,111,107,109,109,106,0,39,74,86,96,102,105,103,108,108,10,56,68,80,94,100,105,109,108,106,0,2,17,15,26,63,83,93,99,108,0,35,58,70,78,80,90,94,97,99
Dogkit,PCI-32765,87,4,52,79,85,87,95,87,89,83,82,60,69,74,76,79,82,78,79,81,83,1,1,1,1,1,30,77,87,86,89,30,36,60,76,79,85,87,89,86,85,0,0,2,32,88,96,93,88,85,87,0,0,22,64,82,92,92,91,86,85,1,13,50,74,85,91,94,94,96,88,85,95,91,91,94,96,91,98,93,84,0,1,37,53,71,85,90,94,86,88,40,61,66,68,67,70,66,66,68,70,3,11,18,24,49,62,76,83,85,88,8,18,22,33,49,61,70,82,83,88,38,67,78,90,99,102,99,94,91,93,2,4,5,9,20,47,73,89,94,84,1,0,1,1,8,20,44,76,91,92,5,33,56,71,81,83,81,83,88,88,60,65,70,71,68,72,70,70,69,72,6,11,74,81,81,83,89,88,88,92,18,27,69,89,95,94,94,92,91,91,0,1,1,1,2,5,23,50,76,83,29,63,76,82,81,85,83,82,83,83,105,77,71,79,92,92,91,92,91,86,23,87,92,95,97,94,95,90,92,92,8,10,25,33,46,74,89,93,94,91,58,62,84,104,101,98,95,96,91,89,0,1,1,1,1,1,31,73,85,88,1,26,33,77,91,98,98,99,92,91,6,37,74,93,102,96,98,95,96,93,0,41,72,86,91,95,94,92,96,92,14,58,70,76,86,99,93,94,94,89,0,3,16,16,26,66,79,86,90,89,0,28,58,71,77,87,86,86,91,88
Dogkit,CAL-101,81,3,45,70,74,76,80,75,76,76,75,60,68,73,77,79,79,80,78,79,78,0,1,1,1,1,24,71,81,80,82,30,34,56,70,77,76,79,79,82,81,0,0,2,31,84,89,89,83,83,81,0,0,20,58,83,82,82,83,83,79,0,12,41,66,82,83,89,80,86,85,73,77,80,79,85,83,84,78,78,79,0,0,34,51,65,81,83,83,85,81,42,60,61,63,69,70,70,68,63,64,3,10,18,29,46,57,71,77,82,83,7,17,22,30,46,56,67,74,78,81,39,63,82,78,88,89,86,86,83,85,1,3,4,6,17,45,71,83,88,84,1,1,1,2,11,26,53,75,86,84,5,30,51,68,78,78,80,79,82,82,59,63,65,64,68,67,68,67,66,68,58,68,67,76,80,80,79,84,85,83,19,27,60,75,84,85,80,81,85,81,1,1,1,1,2,6,20,49,69,78,31,58,71,77,81,82,83,80,84,81,105,76,66,78,81,83,81,80,79,82,24,84,85,84,86,84,83,81,87,81,8,10,23,32,44,70,78,82,82,83,51,57,75,83,84,83,86,77,86,82,0,1,1,1,1,1,31,66,79,79,1,25,32,63,80,80,81,83,87,84,6,39,71,81,88,87,81,85,81,83,0,43,65,73,80,83,83,84,80,82,14,56,63,70,76,79,82,82,83,85,0,3,16,16,26,60,71,77,80,81,0,29,51,62,71,72,72,76,80,79
Dogkit,OTX015,51,2,26,41,45,46,48,47,47,46,48,35,42,43,44,46,45,46,47,49,46,0,0,1,1,1,5,35,51,51,52,24,29,36,45,49,51,51,51,51,52,0,0,2,23,52,55,53,54,56,55,0,0,14,43,50,53,54,53,56,52,0,6,28,44,57,54,52,55,56,51,51,50,55,54,56,54,54,50,56,55,0,0,23,43,50,52,53,51,58,56,33,43,46,46,50,52,49,52,48,48,4,11,18,28,39,47,51,51,53,51,7,17,24,28,43,49,51,56,55,54,23,44,53,53,53,57,53,54,55,55,2,4,5,7,15,40,51,58,57,54,0,0,1,2,9,21,31,50,58,55,3,28,41,45,50,49,48,50,52,52,44,46,47,48,48,47,49,49,48,50,38,44,48,50,52,52,51,54,56,53,12,18,43,49,55,54,54,54,55,54,0,0,1,1,1,4,16,33,46,50,18,41,45,51,48,50,50,49,51,53,69,56,51,53,53,52,54,51,54,53,20,47,54,52,53,54,52,50,55,52,5,6,16,22,32,49,53,52,54,51,29,34,52,54,55,53,55,51,55,54,0,1,1,0,1,1,17,48,56,52,0,15,20,36,52,56,56,53,53,51,3,22,48,51,55,54,53,53,56,53,0,20,41,50,50,56,51,53,51,52,8,31,40,46,48,52,53,51,53,53,0,4,13,13,23,35,42,46,49,49,0,8,32,40,44,45,46,47,50,47
Gumbus,DMSO,104,0,1,3,20,44,65,64,63,70,71,1,3,10,21,29,39,42,52,71,78,0,0,0,1,1,1,2,26,58,83,6,14,37,61,77,82,84,87,94,94,0,0,35,81,101,94,99,101,98,94,1,1,13,91,146,151,127,114,105,98,1,1,14,44,75,97,102,105,107,101,78,87,81,90,91,90,94,94,106,104,0,0,0,15,65,88,98,96,106,103,7,15,19,21,20,22,22,26,30,36,0,0,2,5,12,45,76,82,101,110,0,1,4,8,17,41,73,92,103,109,0,1,8,28,66,85,99,107,100,106,0,0,0,0,1,1,8,52,90,95,0,0,0,0,0,0,2,17,90,101,0,0,1,3,2,4,5,32,69,95,14,17,17,16,21,26,25,27,35,47,25,22,69,76,49,65,75,89,91,101,0,1,9,33,67,77,90,90,97,105,8,42,77,88,88,100,104,100,109,109,1,2,5,11,21,31,34,40,53,64,6,32,32,46,78,92,95,102,100,102,3,35,72,96,100,102,99,96,99,106,0,0,1,1,2,11,51,80,96,105,1,3,76,95,99,102,99,99,112,120,0,0,1,1,1,1,8,44,90,105,0,0,2,21,66,99,93,102,118,110,0,2,39,83,93,102,99,101,112,114,0,0,1,3,23,66,93,103,111,115,0,2,33,68,84,89,96,100,118,116,0,0,0,0,1,4,28,68,98,110,0,0,1,1,6,27,62,87,104,100
Gumbus,PCI-32765,61,1,1,3,17,40,55,52,62,47,54,1,2,5,10,15,18,25,30,38,47,0,0,0,0,1,1,1,12,35,51,4,8,14,29,41,45,54,54,53,54,0,0,18,54,67,67,63,65,58,60,0,0,4,55,95,101,83,73,64,60,0,0,4,17,40,59,57,57,57,62,39,57,58,63,59,59,61,60,59,54,0,0,0,6,30,55,53,56,58,59,2,7,10,9,10,11,12,14,16,20,0,0,1,2,6,19,42,59,53,53,0,1,2,4,7,19,36,53,56,55,0,1,4,13,40,48,51,61,52,49,0,0,0,0,0,0,3,32,49,56,0,0,0,0,0,0,1,6,48,60,0,0,1,2,2,2,3,12,37,52,9,9,8,8,10,11,11,17,19,24,12,23,37,43,24,39,46,50,56,54,0,0,5,21,36,48,50,59,52,59,5,21,46,52,60,55,56,62,53,58,1,1,2,4,7,10,17,16,19,27,2,18,12,23,47,53,49,60,52,60,2,28,51,56,57,58,58,56,57,61,0,0,0,0,2,8,27,41,50,62,1,2,44,60,63,62,61,58,56,67,0,0,0,1,1,1,1,13,31,60,0,0,1,6,29,50,64,61,61,67,0,0,13,47,57,63,60,59,58,63,0,0,0,5,30,50,58,65,66,74,0,2,19,44,53,66,60,71,64,77,0,0,0,0,1,2,9,28,54,60,0,0,0,2,4,13,31,48,55,63
Gumbus,CAL-101,34,0,0,1,2,9,16,18,22,21,23,0,2,9,16,25,30,28,29,26,29,0,0,0,0,0,0,0,4,18,31,2,3,7,12,21,23,27,29,36,32,0,0,6,32,38,41,35,33,37,35,0,0,0,11,52,54,49,39,40,36,0,0,2,5,20,33,32,33,33,37,25,30,35,37,33,33,38,33,34,38,0,0,0,1,12,23,29,34,31,38,0,3,3,3,3,3,4,5,6,10,0,0,0,1,3,9,25,28,38,34,0,0,1,1,5,11,19,29,34,37,0,0,1,4,12,23,27,29,29,30,0,0,0,0,0,0,1,10,25,29,0,0,0,0,0,0,0,3,30,33,0,0,1,1,1,1,2,3,13,30,3,3,3,3,4,4,4,7,9,15,5,10,13,22,27,26,27,25,37,34,0,0,1,8,19,24,29,28,29,36,2,7,15,25,33,34,29,32,36,34,1,1,2,7,15,24,26,29,34,33,4,11,6,10,21,29,25,34,34,34,1,12,17,27,30,32,31,32,35,36,0,0,0,0,0,1,11,22,34,39,0,0,14,31,35,37,36,33,34,39,0,0,0,0,0,0,0,4,14,30,0,0,0,2,11,32,29,33,36,38,0,0,5,21,33,40,36,37,40,39,0,0,0,1,3,11,26,30,38,45,0,0,4,17,28,36,37,39,42,36,0,0,0,0,0,1,5,16,30,32,0,0,0,1,2,4,13,23,36,39
Gumbus,OTX015,25,0,0,0,2,8,13,10,11,15,13,0,0,2,3,4,6,6,9,12,14,0,0,0,0,0,0,0,1,7,14,2,4,8,10,14,16,15,15,21,17,0,0,5,17,20,17,19,16,22,22,0,0,1,21,55,52,38,24,30,24,0,0,1,7,14,17,15,19,25,23,12,14,13,16,19,17,17,17,26,22,0,0,0,3,11,14,17,17,29,26,1,4,5,5,4,5,4,6,8,7,0,0,1,3,5,10,13,16,22,26,0,1,3,4,9,10,18,17,24,25,0,0,2,4,10,13,15,19,24,22,0,0,0,0,0,1,4,8,18,23,0,0,0,0,0,0,1,8,23,25,0,0,1,1,1,0,1,2,12,18,3,4,4,4,5,5,5,6,9,11,4,5,8,10,6,10,12,12,21,21,0,1,3,7,11,16,16,14,24,28,5,10,12,14,14,15,17,16,27,26,0,0,1,2,3,4,5,5,10,13,3,5,6,12,13,13,16,16,25,26,2,11,14,17,16,15,17,16,27,25,0,0,0,0,1,5,15,16,33,26,1,0,13,23,21,23,17,18,28,32,0,0,0,0,0,0,0,6,23,28,0,0,0,2,9,18,18,22,30,33,0,1,9,17,18,21,18,20,32,34,0,0,0,0,3,11,14,18,27,32,0,0,3,8,19,19,19,21,33,30,0,0,0,0,0,0,2,6,24,30,0,0,0,0,0,3,8,15,32,31
Awia,DMSO,103,4,22,37,68,163,156,167,134,121,109,33,63,101,107,118,124,112,118,111,100,2,3,4,4,6,75,132,141,117,111,163,193,156,146,142,130,123,131,116,106,107,178,225,171,131,134,132,123,105,109,7,19,50,132,104,103,110,120,96,101,146,207,168,138,130,119,127,118,121,112,95,121,136,120,125,122,36,128,107,102,1,2,35,132,125,107,106,115,115,119,89,89,86,75,78,73,71,79,71,70,36,70,112,125,166,180,166,132,112,110,58,98,142,151,175,194,177,149,145,103,54,64,71,100,120,103,127,121,106,112,33,48,51,58,74,97,96,22,29,70,1,1,1,1,1,1,3,5,47,110,23,60,83,65,64,60,62,74,83,95,81,77,69,58,58,77,62,78,64,70,17,18,48,70,98,103,94,103,93,98,4,69,142,178,157,120,117,101,101,110,41,76,83,107,79,107,97,105,108,89,29,42,66,94,109,114,114,119,109,103,69,138,172,192,157,102,106,100,99,96,75,95,83,80,96,97,104,103,105,109,15,8,54,96,138,216,196,134,146,115,108,130,213,204,157,143,117,95,105,100,1,2,4,4,18,34,123,170,124,310,2,43,71,76,103,100,121,113,110,96,23,92,158,148,115,121,111,92,90,107,1,30,54,91,146,121,123,123,107,79,48,82,106,110,106,106,106,114,101,99,25,31,30,26,24,35,45,67,86,94,0,22,20,26,64,111,129,132,103,89
Awia,PCI-32765,116,3,22,36,55,142,166,155,124,142,133,30,52,72,89,99,100,116,112,138,135,3,3,4,4,6,68,131,144,152,154,163,197,158,165,146,144,147,153,154,140,97,148,214,190,141,140,133,145,146,139,4,14,48,125,143,125,135,140,140,131,134,223,170,150,141,150,144,149,152,132,121,141,135,135,147,150,144,141,138,143,1,2,29,129,139,123,125,126,138,140,80,102,115,97,98,97,102,103,108,110,29,66,75,109,134,174,164,147,151,142,75,108,128,121,152,180,173,167,141,138,51,63,63,71,93,112,131,122,124,126,32,40,47,48,60,83,68,26,51,115,1,1,1,1,1,1,2,5,61,138,28,64,82,59,52,50,55,67,104,112,103,102,100,94,110,89,98,94,95,108,1,8,79,85,101,119,116,109,134,120,5,68,142,171,156,113,108,104,133,125,53,105,131,129,112,105,112,103,131,121,32,34,55,79,86,86,101,100,127,135,93,159,165,185,169,116,126,121,135,150,59,115,113,116,108,105,112,128,113,125,16,7,51,92,133,174,184,148,159,150,121,145,206,236,199,155,140,123,119,131,1,2,4,3,9,18,77,142,157,145,2,45,67,84,118,121,137,121,151,126,2,84,143,156,141,137,147,131,147,124,1,30,58,93,138,147,148,127,141,121,46,80,101,119,133,143,139,127,133,124,28,33,39,28,26,41,59,70,130,117,0,25,27,28,52,105,112,120,132,112
Awia,CAL-101,103,3,19,26,41,96,113,116,107,137,132,32,54,63,73,82,72,87,92,116,108,2,2,3,3,3,39,78,87,148,149,111,124,106,106,95,97,110,98,139,129,70,101,155,141,108,102,94,100,134,120,3,7,31,96,105,97,87,112,125,118,93,131,117,94,86,87,74,93,126,119,67,92,81,92,84,117,84,97,119,135,1,2,20,74,78,79,82,63,144,135,67,82,87,72,59,71,77,88,78,77,23,50,64,77,84,116,110,93,126,114,48,81,88,84,105,112,114,108,127,125,50,57,45,45,57,63,76,80,112,115,23,29,29,30,39,53,64,31,35,84,1,1,1,1,1,1,1,2,55,126,24,54,71,51,39,46,42,44,77,96,84,62,67,63,53,62,67,70,73,76,31,26,62,65,68,77,80,75,121,117,4,57,93,123,113,86,86,88,110,112,40,69,75,78,81,69,74,86,125,122,28,36,51,72,86,80,79,75,120,116,73,121,127,131,111,86,74,85,119,121,58,84,88,77,81,72,86,80,121,119,12,4,36,72,98,136,122,103,146,119,107,108,152,149,122,90,81,75,123,115,1,1,2,2,4,9,42,102,169,120,2,36,47,54,83,76,83,79,102,107,1,60,105,101,105,88,99,95,140,105,1,29,47,49,78,101,100,99,135,116,41,61,83,80,94,90,85,90,118,124,25,32,32,25,23,31,35,43,102,106,0,27,20,16,24,56,71,95,132,118
Awia,OTX015,110,6,19,34,48,66,81,81,84,112,108,29,42,50,60,68,72,72,75,111,104,3,3,4,3,4,22,48,70,107,110,88,91,94,88,95,92,88,93,116,109,60,81,97,97,97,100,92,88,113,112,5,12,20,57,81,92,91,90,118,110,57,89,88,88,93,100,97,93,115,114,79,82,88,92,94,98,93,89,116,111,1,1,14,58,81,90,93,93,117,119,57,67,71,71,79,79,76,84,82,82,31,54,70,72,85,92,92,94,116,121,52,62,73,75,85,92,93,96,117,115,27,44,53,51,66,87,89,92,125,123,13,17,19,24,29,38,48,75,112,115,1,1,1,1,1,1,5,20,103,118,14,33,39,41,41,39,45,51,92,102,68,75,80,74,68,78,76,87,86,91,48,42,84,86,81,86,85,90,115,112,15,37,58,78,86,94,91,93,118,118,40,60,85,87,92,95,92,93,122,114,29,40,52,60,69,77,75,76,112,111,78,81,79,88,95,96,93,93,119,116,49,79,96,99,93,94,93,87,120,114,4,3,13,27,38,63,85,83,122,114,61,69,85,91,94,97,95,90,122,116,0,3,2,1,10,82,95,93,113,112,3,21,39,55,77,89,94,92,117,118,13,45,70,90,94,95,91,92,121,116,0,20,33,47,70,88,87,88,119,115,19,45,68,75,82,85,86,95,116,115,15,18,17,15,17,31,48,68,102,107,0,18,26,33,52,69,79,83,107,107
M95_ALL,DMSO,98,61,98,89,96,100,101,107,92,105,100,58,70,92,86,95,91,107,106,103,98,8,8,8,7,11,30,102,113,114,108,92,109,111,105,121,85,100,106,110,101,5,8,9,24,58,91,102,103,110,109,26,15,15,21,58,92,103,97,111,104,18,54,80,99,109,117,116,101,111,121,76,78,89,84,93,92,100,98,103,101,4,11,53,90,98,109,105,104,100,97,70,80,80,91,92,85,91,91,110,113,18,20,23,55,91,100,108,114,106,105,26,26,31,36,71,103,118,118,127,121,33,83,85,91,99,109,115,115,118,96,18,24,65,205,271,223,159,141,129,118,2,3,4,7,12,24,58,100,112,117,48,93,97,96,97,89,84,86,83,74,66,73,93,96,100,93,95,98,92,98,51,63,78,83,83,81,85,90,94,96,75,92,103,99,115,111,115,114,103,109,4,11,21,22,30,42,61,82,95,104,51,69,83,93,97,105,106,99,106,105,85,66,106,138,146,162,157,140,136,120,123,114,125,112,113,106,113,109,110,101,5,12,25,36,70,82,92,100,103,104,51,43,77,92,105,109,99,107,109,105,4,8,4,6,23,76,96,107,104,93,19,68,91,105,103,114,118,114,86,113,54,87,100,109,112,104,111,88,112,105,24,64,94,101,111,104,102,101,101,97,49,62,89,100,104,106,108,103,104,94,11,28,55,85,99,106,105,105,97,97,2,42,60,67,67,66,74,81,85,84
M144_ALL,DMSO,101,51,94,112,97,512,101,92,93,101,93,32,54,71,85,84,87,86,99,92,98,3,3,3,3,6,17,69,97,103,100,84,91,104,101,99,101,106,100,102,100,7,15,31,52,69,90,91,104,70,95,22,24,15,22,55,89,106,101,111,111,9,34,73,93,101,108,115,104,101,100,82,88,88,90,95,95,98,98,99,100,1,2,14,52,83,99,100,106,101,106,68,89,93,86,95,94,100,94,98,101,15,18,24,45,83,106,110,108,103,106,26,28,28,33,51,84,100,107,110,101,31,80,111,120,112,116,112,111,109,106,22,28,53,80,93,103,99,101,106,103,2,2,3,4,9,11,19,62,95,101,35,85,100,114,110,109,100,101,101,89,81,92,88,93,94,89,105,95,90,96,56,71,81,82,88,94,91,95,94,96,61,90,104,113,107,110,114,110,108,103,3,3,4,5,6,9,16,35,63,87,22,30,55,76,85,89,92,93,97,103,67,66,84,113,122,120,120,122,108,109,40,90,101,104,103,106,105,112,104,103,1,6,32,63,93,96,105,104,105,105,47,14,70,102,103,106,105,106,105,97,1,2,4,4,18,63,91,102,102,96,11,57,83,96,96,104,96,104,102,105,35,54,97,99,102,101,116,114,102,100,1,28,71,91,98,102,97,106,102,97,17,48,68,88,102,108,103,104,98,103,7,19,32,52,79,86,85,79,93,93,0,13,29,41,43,48,65,78,94,96
M144_ALL,OTX015,67,48,82,89,82,72,69,66,63,65,62,18,27,41,49,51,55,58,65,66,65,4,3,3,3,4,11,41,68,73,79,46,58,66,71,69,70,70,81,71,71,5,11,19,35,45,60,69,78,73,75,30,35,16,22,40,64,74,73,74,74,4,14,43,63,76,74,77,75,77,75,55,62,66,62,63,65,66,65,69,68,1,1,18,40,57,67,69,72,73,72,39,53,57,57,60,59,58,64,65,66,18,21,27,40,58,68,67,95,77,74,27,31,31,36,50,64,66,73,81,74,22,61,87,84,84,79,76,72,74,81,24,31,43,73,87,78,69,78,74,73,1,1,3,5,9,13,19,46,64,72,16,70,101,112,96,80,79,70,61,50,49,59,58,64,61,63,67,68,56,64,45,52,56,58,58,58,63,95,62,63,48,71,71,72,79,78,72,111,68,65,2,3,1,3,5,6,11,16,32,54,13,12,29,42,54,55,59,59,68,67,41,52,59,78,86,81,77,74,72,67,39,82,79,77,74,70,72,72,72,69,1,5,19,35,62,65,67,72,68,62,28,16,50,66,68,71,72,66,69,73,1,2,2,2,7,30,49,63,67,64,12,55,67,61,61,69,68,68,72,70,10,33,53,57,63,65,63,66,62,67,2,26,50,62,70,68,62,102,66,68,15,24,33,45,61,60,63,53,68,64,7,15,22,40,63,59,52,49,60,61,0,14,19,26,26,31,42,55,65,65
M1296_ALL,DMSO,92,153,95,111,107,101,98,108,101,98,102,69,73,76,82,89,95,106,102,104,109,5,5,6,6,10,57,102,96,115,107,94,106,109,114,117,118,119,125,116,121,6,7,9,20,77,98,108,113,99,109,5,8,14,23,50,80,97,107,105,116,8,14,34,68,94,111,107,110,115,112,115,113,110,109,106,107,109,104,105,104,2,3,26,53,86,109,109,109,115,116,65,94,89,87,92,100,102,98,89,100,16,27,40,75,115,116,111,117,108,116,27,40,54,65,84,109,118,113,112,123,13,83,107,121,124,116,125,129,115,131,26,27,38,50,75,111,129,141,133,109,2,2,4,6,12,18,23,44,91,96,41,70,80,77,87,80,84,108,94,97,69,77,78,99,95,99,89,101,95,102,75,92,97,106,106,104,103,109,106,106,79,117,114,119,116,104,121,115,113,119,3,5,5,6,7,11,14,26,39,74,40,66,76,80,97,104,90,114,106,101,79,62,83,103,122,124,118,123,117,111,79,113,109,115,113,112,107,114,110,103,6,40,80,115,105,105,102,111,106,106,34,5,89,100,101,93,87,92,98,88,1,3,4,4,10,31,58,83,104,105,10,52,77,86,92,94,99,99,96,94,18,64,86,102,93,96,94,100,100,94,5,64,74,79,86,98,105,101,100,97,24,44,60,82,95,93,90,93,94,94,13,24,34,53,68,72,85,87,91,84,1,36,56,59,63,68,81,75,89,77
P0988_BL,DMSO,101,86,133,101,101,99,107,104,101,100,100,81,98,101,112,101,102,109,102,118,97,2,3,3,3,3,14,97,106,105,102,99,102,105,106,100,106,103,104,107,103,8,13,21,50,89,104,101,107,110,106,12,22,30,50,90,105,107,104,107,108,19,62,94,105,109,113,112,111,109,107,98,97,101,100,106,100,104,104,100,101,1,2,62,91,100,105,108,105,205,296,88,100,102,101,107,100,109,101,101,101,44,57,64,102,120,115,111,47,134,106,41,50,63,69,94,92,106,116,93,91,30,81,103,113,122,114,119,118,113,113,27,34,36,46,75,93,107,109,109,103,1,2,3,7,12,20,25,35,51,98,36,50,63,71,74,83,88,96,105,111,94,98,95,99,116,98,101,102,104,100,97,95,96,96,103,98,102,106,99,103,90,99,109,113,108,109,111,106,106,100,10,11,12,15,15,18,46,75,103,111,79,91,104,112,111,115,105,112,102,105,102,90,101,99,118,108,111,105,112,104,91,110,106,106,112,105,107,110,105,104,2,10,31,61,87,95,100,102,99,95,68,32,83,207,98,99,99,105,101,98,1,2,4,6,27,68,94,104,103,104,25,64,87,105,105,105,102,101,104,98,62,88,101,101,105,101,102,98,98,95,4,70,94,99,106,98,117,111,110,114,62,64,83,98,106,101,104,106,98,90,24,43,57,75,85,84,90,92,97,99,1,63,81,85,91,86,91,90,90,90
P0988_BL,OTX015,98,78,103,291,104,106,106,101,103,93,100,69,90,98,106,100,96,97,100,104,102,2,2,4,3,3,8,89,112,110,107,89,102,106,103,112,109,105,112,107,106,8,14,22,56,90,109,109,104,101,101,12,18,27,45,90,99,113,112,121,119,11,44,89,94,107,109,110,111,104,104,95,105,100,106,106,104,107,104,100,99,1,3,61,88,93,100,106,110,105,104,82,93,99,88,94,96,101,104,98,100,45,57,66,80,115,116,117,116,108,118,47,55,60,77,96,103,109,113,110,115,33,98,114,123,118,121,115,112,106,107,26,29,32,40,63,84,102,107,111,107,2,2,4,7,12,17,21,35,48,106,29,72,79,91,88,93,95,106,98,98,91,98,93,103,95,95,93,98,94,244,100,100,99,104,107,102,101,103,98,108,78,94,98,103,114,106,109,109,114,105,7,7,8,13,11,15,36,73,106,104,77,85,84,103,100,108,102,114,106,97,107,96,95,109,123,110,121,108,104,125,92,97,108,113,120,109,114,119,107,102,2,8,28,51,99,92,101,100,92,94,61,13,75,103,99,97,99,112,94,97,1,1,2,4,24,61,79,98,67,91,18,59,87,109,107,115,109,108,132,107,9,75,95,91,105,104,104,100,99,107,5,51,87,99,99,113,108,108,101,107,49,38,67,94,99,103,104,107,98,96,25,55,71,84,83,87,96,98,92,95,1,61,80,93,92,92,93,92,92,86
