Compound,Ibrutinib (PCI-32765),Ibrutinib (PCI-32765),Ibrutinib (PCI-32765),Ibrutinib (PCI-32765),Ibrutinib (PCI-32765),Ibrutinib (PCI-32765),Ibrutinib (PCI-32765),Ibrutinib (PCI-32765),Ibrutinib (PCI-32765),Ibrutinib (PCI-32765),Idelalisib (CAL-101),Idelalisib (CAL-101),Idelalisib (CAL-101),Idelalisib (CAL-101),Idelalisib (CAL-101),Idelalisib (CAL-101),Idelalisib (CAL-101),Idelalisib (CAL-101),Idelalisib (CAL-101),Idelalisib (CAL-101),Olaparib,Olaparib,Olaparib,Olaparib,Olaparib,Olaparib,Olaparib,Olaparib,Olaparib,Olaparib,Fludarabin,Fludarabin,Fludarabin,Fludarabin,Fludarabin,Fludarabin,Fludarabin,Fludarabin,Fludarabin,Fludarabin,Vorinostat,Vorinostat,Vorinostat,Vorinostat,Vorinostat,Vorinostat,Vorinostat,Vorinostat,Vorinostat,Vorinostat,Nutlin-3,Nutlin-3,Nutlin-3,Nutlin-3,Nutlin-3,Nutlin-3,Nutlin-3,Nutlin-3,Nutlin-3,Nutlin-3,AZD6244 (Selumetinib),AZD6244 (Selumetinib),AZD6244 (Selumetinib),AZD6244 (Selumetinib),AZD6244 (Selumetinib),AZD6244 (Selumetinib),AZD6244 (Selumetinib),AZD6244 (Selumetinib),AZD6244 (Selumetinib),AZD6244 (Selumetinib),Afatinib,Afatinib,Afatinib,Afatinib,Afatinib,Afatinib,Afatinib,Afatinib,Afatinib,Afatinib,AT13387,AT13387,AT13387,AT13387,AT13387,AT13387,AT13387,AT13387,AT13387,AT13387,AZD7762,AZD7762,AZD7762,AZD7762,AZD7762,AZD7762,AZD7762,AZD7762,AZD7762,AZD7762,ON-01910,ON-01910,ON-01910,ON-01910,ON-01910,ON-01910,ON-01910,ON-01910,ON-01910,ON-01910,MK-2206 ,MK-2206 ,MK-2206 ,MK-2206 ,MK-2206 ,MK-2206 ,MK-2206 ,MK-2206 ,MK-2206 ,MK-2206 ,NU7441,NU7441,NU7441,NU7441,NU7441,NU7441,NU7441,NU7441,NU7441,NU7441,Thapsigargin,Thapsigargin,Thapsigargin,Thapsigargin,Thapsigargin,Thapsigargin,Thapsigargin,Thapsigargin,Thapsigargin,Thapsigargin,YM155,YM155,YM155,YM155,YM155,YM155,YM155,YM155,YM155,YM155,KU-60019,KU-60019,KU-60019,KU-60019,KU-60019,KU-60019,KU-60019,KU-60019,KU-60019,KU-60019,AZD-0530 (Saracatinib),AZD-0530 (Saracatinib),AZD-0530 (Saracatinib),AZD-0530 (Saracatinib),AZD-0530 (Saracatinib),AZD-0530 (Saracatinib),AZD-0530 (Saracatinib),AZD-0530 (Saracatinib),AZD-0530 (Saracatinib),AZD-0530 (Saracatinib),Dasatinib,Dasatinib,Dasatinib,Dasatinib,Dasatinib,Dasatinib,Dasatinib,Dasatinib,Dasatinib,Dasatinib,Gefitinib,Gefitinib,Gefitinib,Gefitinib,Gefitinib,Gefitinib,Gefitinib,Gefitinib,Gefitinib,Gefitinib,Lapatinib,Lapatinib,Lapatinib,Lapatinib,Lapatinib,Lapatinib,Lapatinib,Lapatinib,Lapatinib,Lapatinib,Everolimus ,Everolimus ,Everolimus ,Everolimus ,Everolimus ,Everolimus ,Everolimus ,Everolimus ,Everolimus ,Everolimus ,LY2603618,LY2603618,LY2603618,LY2603618,LY2603618,LY2603618,LY2603618,LY2603618,LY2603618,LY2603618,SCH 900776,SCH 900776,SCH 900776,SCH 900776,SCH 900776,SCH 900776,SCH 900776,SCH 900776,SCH 900776,SCH 900776,PF 477736,PF 477736,PF 477736,PF 477736,PF 477736,PF 477736,PF 477736,PF 477736,PF 477736,PF 477736,AVL-292 ,AVL-292 ,AVL-292 ,AVL-292 ,AVL-292 ,AVL-292 ,AVL-292 ,AVL-292 ,AVL-292 ,AVL-292 ,Venetoclax (Abt199),Venetoclax (Abt199),Venetoclax (Abt199),Venetoclax (Abt199),Venetoclax (Abt199),Venetoclax (Abt199),Venetoclax (Abt199),Venetoclax (Abt199),Venetoclax (Abt199),Venetoclax (Abt199),Ruxolitinib,Ruxolitinib,Ruxolitinib,Ruxolitinib,Ruxolitinib,Ruxolitinib,Ruxolitinib,Ruxolitinib,Ruxolitinib,Ruxolitinib,Obatoclax,Obatoclax,Obatoclax,Obatoclax,Obatoclax,Obatoclax,Obatoclax,Obatoclax,Obatoclax,Obatoclax,Doxorubicin ,Doxorubicin ,Doxorubicin ,Doxorubicin ,Doxorubicin ,Doxorubicin ,Doxorubicin ,Doxorubicin ,Doxorubicin ,Doxorubicin ,CHK2 inhibitor II,CHK2 inhibitor II,CHK2 inhibitor II,CHK2 inhibitor II,CHK2 inhibitor II,CHK2 inhibitor II,CHK2 inhibitor II,CHK2 inhibitor II,CHK2 inhibitor II,CHK2 inhibitor II,CX-4945 (Silmitasertib) ,CX-4945 (Silmitasertib) ,CX-4945 (Silmitasertib) ,CX-4945 (Silmitasertib) ,CX-4945 (Silmitasertib) ,CX-4945 (Silmitasertib) ,CX-4945 (Silmitasertib) ,CX-4945 (Silmitasertib) ,CX-4945 (Silmitasertib) ,CX-4945 (Silmitasertib) ,PRT062607,PRT062607,PRT062607,PRT062607,PRT062607,PRT062607,PRT062607,PRT062607,PRT062607,PRT062607
Conc,30,10,3.3333333333,1.1111111111,0.3703703704,0.1234567901,0.0411522634,0.0137174211,0.0045724737,0.0015241579,30,10,3.3333333333,1.1111111111,0.3703703704,0.1234567901,0.0411522634,0.0137174211,0.0045724737,0.0015241579,30,10,3.3333333333,1.1111111111,0.3703703704,0.1234567901,0.0411522634,0.0137174211,0.0045724737,0.0015241579,30,10,3.3333333333,1.1111111111,0.3703703704,0.1234567901,0.0411522634,0.0137174211,0.0045724737,0.0015241579,30,10,3.3333333333,1.1111111111,0.3703703704,0.1234567901,0.0411522634,0.0137174211,0.0045724737,0.0015241579,30,10,3.3333333333,1.1111111111,0.3703703704,0.1234567901,0.0411522634,0.0137174211,0.0045724737,0.0015241579,30,10,3.3333333333,1.1111111111,0.3703703704,0.1234567901,0.0411522634,0.0137174211,0.0045724737,0.0015241579,30,10,3.3333333333,1.1111111111,0.3703703704,0.1234567901,0.0411522634,0.0137174211,0.0045724737,0.0015241579,30,10,3.3333333333,1.1111111111,0.3703703704,0.1234567901,0.0411522634,0.0137174211,0.0045724737,0.0015241579,30,10,3.3333333333,1.1111111111,0.3703703704,0.1234567901,0.0411522634,0.0137174211,0.0045724737,0.0015241579,30,10,3.3333333333,1.1111111111,0.3703703704,0.1234567901,0.0411522634,0.0137174211,0.0045724737,0.0015241579,30,10,3.3333333333,1.1111111111,0.3703703704,0.1234567901,0.0411522634,0.0137174211,0.0045724737,0.0015241579,30,10,3.3333333333,1.1111111111,0.3703703704,0.1234567901,0.0411522634,0.0137174211,0.0045724737,0.0015241579,15,5,1.66666666666667,0.555555555555556,0.185185185185185,0.061728395061728,0.0205761317,0.0068587106,0.0022862369,0.000762079,30,10,3.3333333333,1.1111111111,0.3703703704,0.1234567901,0.0411522634,0.0137174211,0.0045724737,0.0015241579,30,10,3.3333333333,1.1111111111,0.3703703704,0.1234567901,0.0411522634,0.0137174211,0.0045724737,0.0015241579,30,10,3.3333333333,1.1111111111,0.3703703704,0.1234567901,0.0411522634,0.0137174211,0.0045724737,0.0015241579,30,10,3.3333333333,1.1111111111,0.3703703704,0.1234567901,0.0411522634,0.0137174211,0.0045724737,0.0015241579,30,10,3.3333333333,1.1111111111,0.3703703704,0.1234567901,0.0411522634,0.0137174211,0.0045724737,0.0015241579,30,10,3.3333333333,1.1111111111,0.3703703704,0.1234567901,0.0411522634,0.0137174211,0.0045724737,0.0015241579,30,10,3.3333333333,1.1111111111,0.3703703704,0.1234567901,0.0411522634,0.0137174211,0.0045724737,0.0015241579,30,10,3.3333333333,1.1111111111,0.3703703704,0.1234567901,0.0411522634,0.0137174211,0.0045724737,0.0015241579,30,10,3.3333333333,1.1111111111,0.3703703704,0.1234567901,0.0411522634,0.0137174211,0.0045724737,0.0015241579,30,10,3.3333333333,1.1111111111,0.3703703704,0.1234567901,0.0411522634,0.0137174211,0.0045724737,0.0015241579,30,10,3.3333333333,1.1111111111,0.3703703704,0.1234567901,0.0411522634,0.0137174211,0.0045724737,0.0015241579,30,10,3.3333333333,1.1111111111,0.3703703704,0.1234567901,0.0411522634,0.0137174211,0.0045724737,0.0015241579,30,10,3.3333333333,1.1111111111,0.3703703704,0.1234567901,0.0411522634,0.0137174211,0.0045724737,0.0015241579,30,10,3.3333333333,1.1111111111,0.3703703704,0.1234567901,0.0411522634,0.0137174211,0.0045724737,0.0015241579,30,10,3.3333333333,1.1111111111,0.3703703704,0.1234567901,0.0411522634,0.0137174211,0.0045724737,0.0015241579,30,10,3.3333333333,1.1111111111,0.3703703704,0.1234567901,0.0411522634,0.0137174211,0.0045724737,0.0015241579,30,10,3.3333333333,1.1111111111,0.3703703704,0.1234567901,0.0411522634,0.0137174211,0.0045724737,0.0015241579,30,10,3.3333333333,1.1111111111,0.3703703704,0.1234567901,0.0411522634,0.0137174211,0.0045724737,0.0015241579
#19 PP,2,37,78,92,106,103,99,106,108,109,1,1,2,25,27,46,76,78,86,78,32,41,54,68,77,86,92,92,90,87,31,95,113,103,109,106,100,92,110,105,1,6,36,69,110,113,119,107,113,110,64,98,96,97,113,116,110,95,110,101,27,38,49,61,61,77,89,92,85,101,0,1,13,75,93,110,102,107,101,105,1,0,0,0,0,1,1,1,1,2,0,0,0,1,1,1,1,17,28,31,6,8,16,18,17,67,33,87,115,113,0,0,0,1,1,3,6,13,38,65,1,0,0,1,1,20,3,4,7,18,0,0,1,1,1,2,3,27,102,158,0,0,1,1,2,2,2,6,38,88,0,2,32,45,57,67,89,91,115,107,0,26,69,96,91,98,100,100,97,100,0,2,5,22,19,35,38,57,75,82,0,46,93,113,100,97,111,107,112,94,0,58,78,98,85,109,103,108,98,98,1,0,1,1,1,1,1,1,2,2,0,0,0,1,1,2,19,53,90,81,0,0,1,0,1,1,13,49,91,86,0,1,1,4,2,8,47,68,102,83,1,22,38,73,86,90,90,100,95,103,33,78,89,87,93,89,100,93,98,103,2,42,59,81,92,81,90,100,93,95,0,1,1,2,4,8,38,61,68,69,1,1,1,1,1,2,3,12,29,44,44,84,91,88,97,101,96,106,102,101,19,64,81,87,86,101,87,89,90,88,1,1,8,33,67,73,82,96,96,89
#165 slpeen,107,119,105,109,113,115,110,113,116,105,15,24,50,99,104,106,108,108,106,97,79,96,103,108,110,105,110,108,96,96,67,109,110,107,108,108,113,103,105,100,9,30,70,90,101,106,107,109,105,110,104,104,102,92,111,109,102,107,92,86,102,104,102,109,106,104,94,97,100,102,1,30,77,96,105,104,98,105,101,99,13,15,15,16,15,16,16,20,31,45,8,42,44,73,47,53,62,101,92,98,41,48,53,52,58,67,58,98,107,109,1,25,52,72,75,97,103,102,117,101,32,8,22,46,55,108,83,89,99,105,21,26,25,30,30,29,32,32,37,74,1,1,4,5,10,9,10,16,26,47,12,73,106,105,109,117,115,115,101,105,44,103,99,105,108,113,107,122,108,109,33,93,92,102,105,109,106,114,107,104,19,97,109,115,110,110,110,113,106,107,20,105,104,105,105,107,105,110,105,106,64,66,68,64,65,69,65,68,69,67,21,33,35,48,58,97,100,103,105,100,7,26,30,65,68,97,103,100,109,100,34,99,94,106,106,109,110,105,97,96,31,87,95,98,102,105,101,96,106,92,68,113,111,109,100,105,99,107,100,96,89,103,105,106,108,105,102,103,98,95,3,9,16,23,32,35,82,96,93,91,5,5,6,9,16,21,56,77,93,98,91,99,104,104,109,107,107,105,101,97,83,98,103,105,115,99,107,108,101,101,2,51,99,100,107,108,106,108,100,95
#175 spleen,23,96,98,109,105,103,107,105,107,102,2,9,30,78,82,97,102,104,110,94,41,91,106,108,108,115,111,109,106,107,23,107,112,110,108,113,109,106,104,99,1,5,73,104,109,106,114,106,108,107,106,112,111,112,111,116,111,109,108,102,90,94,103,102,106,104,102,106,107,104,1,1,47,99,116,110,101,107,109,104,1,1,1,1,1,1,1,2,3,3,0,3,2,2,2,2,2,29,48,51,1,1,2,1,2,22,10,96,111,112,0,52,66,67,66,81,82,94,112,108,27,0,10,41,49,98,69,73,83,87,1,1,2,2,2,2,2,5,14,77,1,1,19,46,98,86,92,107,107,104,1,28,92,108,109,109,112,113,113,107,0,78,103,114,108,119,111,107,108,109,1,32,51,78,73,92,93,101,96,102,1,98,110,112,112,110,113,115,106,106,15,101,116,110,110,110,113,106,107,101,24,39,43,41,42,39,44,41,42,43,2,3,2,3,3,7,58,92,103,101,1,3,2,3,3,7,57,91,103,101,1,27,13,81,37,84,104,97,101,99,6,14,35,71,94,96,100,106,101,95,34,113,115,108,115,110,105,105,103,97,21,106,108,109,106,110,109,105,104,100,1,2,4,8,61,74,95,95,97,93,1,1,2,2,2,2,5,21,59,84,37,97,108,103,105,104,104,105,103,98,19,84,104,104,98,100,100,102,101,98,1,3,53,72,84,88,93,95,97,98
#176 bone marrow,24,74,84,90,97,97,96,101,87,91,6,13,35,77,76,87,92,98,99,98,79,97,100,106,105,108,103,106,98,97,42,92,107,108,111,106,102,104,99,97,1,6,30,84,104,116,116,109,104,110,91,100,103,109,105,107,107,106,106,96,41,54,61,74,81,94,99,106,102,101,1,1,59,108,111,107,115,117,108,104,3,5,5,5,5,6,6,6,18,25,0,11,12,11,11,11,11,25,37,38,13,16,26,29,30,55,40,88,116,111,0,35,49,53,51,67,72,91,102,102,13,1,17,50,53,84,65,73,74,89,6,10,12,12,12,14,15,27,61,106,1,3,47,80,115,103,109,110,105,107,13,43,91,97,106,100,110,112,111,108,0,50,85,111,108,107,105,116,109,108,1,26,32,62,53,71,79,100,97,103,1,103,109,103,107,114,107,112,110,104,14,119,113,111,108,110,111,109,110,103,30,47,43,41,41,43,43,43,41,40,15,15,16,17,12,18,52,79,100,91,2,23,19,19,11,13,38,63,94,93,10,16,18,27,18,33,59,82,96,96,18,44,54,85,94,94,96,99,96,97,42,101,102,111,105,114,107,102,100,101,34,104,113,108,109,107,103,102,102,95,1,3,8,17,79,87,99,102,99,95,1,1,2,2,2,3,18,59,72,84,62,100,105,103,105,106,106,106,99,99,25,74,92,93,95,94,89,96,99,87,1,6,35,57,75,74,84,92,91,86
#232 spleen,23,64,87,93,94,95,98,90,104,87,4,7,15,47,54,71,92,90,100,92,70,80,99,109,107,111,106,108,113,103,71,102,107,108,112,103,106,108,105,103,1,3,38,86,110,118,118,112,111,115,78,108,112,121,115,114,105,110,110,110,32,50,60,65,79,90,97,100,95,95,1,1,32,84,104,112,110,110,115,106,3,6,6,7,6,6,7,7,12,17,2,7,11,13,12,12,12,31,41,40,8,10,18,22,23,74,55,88,106,111,0,17,28,25,29,38,42,53,79,87,13,1,3,20,22,66,36,40,47,59,2,2,3,3,3,4,4,12,43,81,1,2,34,49,72,67,68,81,92,96,3,16,63,79,90,99,113,112,108,97,1,89,113,123,125,126,121,114,109,115,3,22,38,65,65,70,71,84,97,97,1,68,98,112,108,111,105,116,118,106,1,79,97,104,115,117,109,107,105,109,15,24,24,26,26,26,29,27,28,25,1,15,16,17,18,27,52,74,99,101,1,17,18,15,15,20,47,73,104,103,3,19,21,22,18,25,46,67,95,96,16,25,32,59,77,80,94,95,99,101,43,118,126,118,120,108,103,102,104,103,32,103,102,107,107,100,103,105,104,105,1,2,2,3,20,33,59,77,89,80,1,1,2,2,2,2,17,57,71,86,34,90,99,104,95,103,95,102,105,98,20,59,84,92,95,95,94,95,97,89,1,3,29,53,72,70,82,92,93,92
Mec-1,30,77,82,98,104,96,99,98,94,73,74,82,96,100,88,80,87,81,80,71,91,83,98,95,98,92,94,71,70,71,80,86,101,93,104,93,90,79,75,67,16,25,59,84,104,102,106,92,98,82,64,87,92,94,109,91,97,77,80,72,103,100,102,105,102,103,101,95,92,85,2,3,59,81,95,102,91,90,94,80,33,30,30,36,50,72,86,93,106,90,15,11,11,14,16,39,78,90,90,84,28,25,24,25,29,99,108,103,111,108,1,73,84,100,103,108,100,90,99,95,78,49,77,98,107,109,106,100,113,83,55,74,73,74,80,74,70,81,97,91,2,2,2,3,4,17,35,51,72,82,26,86,97,103,113,114,102,98,96,80,56,67,81,106,108,114,121,113,110,94,40,48,65,71,75,73,73,80,88,86,33,78,102,102,122,98,86,86,77,68,3,76,106,114,82,81,81,74,75,60,6,68,78,79,78,76,74,70,76,62,14,16,13,30,74,86,92,89,82,60,25,28,31,65,104,106,105,108,103,84,1,9,10,11,35,92,102,96,96,88,51,75,86,106,112,116,112,110,101,104,34,93,97,106,115,114,108,103,98,101,84,99,104,105,103,111,110,95,95,88,21,18,40,63,65,79,93,102,102,90,16,46,49,48,50,73,84,90,96,95,85,103,107,107,109,110,110,100,100,94,33,55,83,103,108,108,109,99,103,93,1,50,69,77,93,104,112,105,95,81
BL-2,1,24,52,96,100,117,106,111,108,107,34,60,95,91,98,111,101,104,103,103,65,94,101,111,108,108,106,107,106,109,2,7,117,112,113,122,115,114,118,119,3,3,28,58,105,116,119,114,115,112,0,8,76,106,115,120,113,108,106,107,98,112,107,115,111,121,109,112,109,110,1,1,6,83,112,119,113,109,110,110,3,7,7,9,11,20,76,114,106,108,0,0,0,1,4,12,68,109,101,101,1,0,1,1,2,48,119,105,110,106,0,1,32,74,117,125,105,118,109,110,1,19,51,98,135,133,122,108,104,115,3,4,4,4,4,6,23,65,97,110,1,0,1,2,2,2,2,11,20,56,0,44,93,108,122,128,104,108,123,115,10,30,52,106,110,123,110,111,100,105,1,9,17,25,38,52,68,100,101,102,1,14,74,110,105,111,110,108,111,107,0,17,95,115,108,118,114,115,115,110,0,38,49,55,55,60,56,62,59,64,0,7,6,9,50,83,91,106,110,108,0,2,15,34,85,112,110,113,106,102,0,1,1,2,9,60,102,104,101,101,1,13,71,94,133,138,129,128,130,142,0,68,110,118,146,156,138,144,135,124,43,111,112,140,136,146,142,133,132,123,1,1,2,5,19,25,29,116,131,134,1,1,2,2,2,8,76,102,134,132,26,69,95,117,122,137,133,126,136,126,0,29,84,114,127,133,127,124,129,119,0,1,19,62,94,122,125,128,126,125
Dogkit,3,40,96,107,103,106,107,103,107,107,72,91,95,101,95,110,98,99,102,104,44,48,75,97,108,113,114,109,110,110,1,1,13,55,119,114,102,110,107,109,1,1,8,87,110,119,108,112,115,110,0,6,59,91,101,119,108,119,106,115,114,111,107,116,112,112,114,101,105,103,1,1,34,70,82,107,113,111,112,109,16,20,23,21,30,51,82,110,99,120,0,1,11,16,19,57,84,102,105,110,1,1,1,3,12,37,102,112,127,115,0,47,89,88,97,118,110,113,111,114,12,60,84,99,108,116,109,108,112,121,1,4,6,8,13,25,68,113,111,112,1,1,2,2,2,4,27,49,74,108,15,85,116,112,119,125,112,120,105,124,33,92,142,138,150,157,132,125,113,113,5,45,78,91,90,104,97,101,100,103,6,89,108,113,119,113,120,106,106,105,1,53,128,119,105,114,101,108,101,104,4,74,82,88,90,101,88,91,91,89,0,26,33,64,92,103,95,102,100,101,1,19,37,63,94,97,112,102,106,108,0,1,16,60,95,115,100,100,100,101,9,42,91,123,127,128,131,122,128,120,0,1,2,2,4,16,43,79,105,121,28,116,119,116,123,138,106,118,114,114,8,13,45,53,58,89,100,117,111,115,0,1,2,2,2,2,25,99,115,112,0,18,94,110,118,117,116,114,108,121,0,32,99,107,118,122,110,115,107,121,0,46,92,99,105,117,112,116,113,124
Namalwa,25,59,98,117,119,132,121,137,127,138,57,83,110,114,117,125,119,128,130,133,42,52,92,119,128,141,134,121,134,124,26,64,114,126,114,130,124,135,123,130,10,15,36,77,119,135,131,127,134,123,49,87,119,119,110,131,127,138,126,124,95,92,115,109,126,135,129,123,127,129,1,14,46,84,96,127,128,123,132,138,17,25,30,31,34,51,82,121,144,146,1,18,19,21,24,61,102,134,122,124,9,9,10,10,14,41,125,120,132,131,0,31,50,71,84,105,114,123,133,130,24,38,67,109,113,139,128,124,128,137,30,35,34,32,35,40,42,55,108,118,1,1,2,2,2,3,21,36,61,98,9,70,115,111,123,136,118,133,125,124,52,72,95,95,107,114,126,129,133,126,33,52,63,84,98,103,98,104,103,110,16,59,99,116,112,122,122,126,127,128,1,57,95,117,121,124,116,122,125,106,7,63,66,72,72,89,79,82,78,84,0,29,32,40,95,122,113,108,116,122,19,32,34,49,91,114,112,118,121,131,0,19,24,24,26,51,113,122,127,129,28,68,81,109,125,145,139,118,133,132,32,94,100,117,124,132,137,130,137,135,53,93,110,109,116,135,116,113,119,131,7,6,23,31,48,61,83,108,121,127,2,6,7,15,20,29,82,109,118,111,23,54,83,88,102,124,114,121,126,127,3,35,76,96,113,114,120,119,124,119,0,19,51,80,108,127,120,129,120,130
BL-60,1,3,15,38,60,82,83,79,78,68,12,32,66,72,73,77,76,81,79,79,22,32,56,71,85,81,106,100,107,108,10,23,85,107,99,118,104,119,105,118,1,2,19,60,109,106,112,104,126,115,3,78,108,118,127,107,117,117,115,117,95,97,109,115,101,106,109,94,108,101,1,1,2,27,56,68,105,105,105,116,2,5,8,8,13,15,43,82,97,116,0,2,4,3,3,3,11,39,69,98,2,1,3,9,11,55,105,105,126,141,0,1,6,23,42,66,78,99,113,109,1,19,55,79,88,104,95,106,117,112,1,2,2,4,4,4,7,23,72,103,1,0,1,1,2,2,2,5,17,42,1,13,52,72,90,104,95,90,108,95,1,8,27,45,77,101,93,94,98,101,1,5,11,14,20,14,15,29,47,87,1,29,90,96,97,83,102,84,103,98,0,11,70,100,67,70,80,63,77,67,1,24,49,47,55,53,49,49,61,56,0,3,8,14,31,50,75,82,104,85,1,2,6,10,30,69,101,90,94,95,0,2,2,3,7,12,36,81,88,96,1,27,55,109,111,102,116,112,104,110,0,39,85,91,106,114,107,103,108,107,16,95,104,102,115,110,117,106,99,100,0,1,4,14,32,80,87,104,106,102,1,2,3,6,28,18,68,121,132,122,10,52,76,105,110,92,107,103,98,97,19,19,63,103,117,117,119,117,124,111,0,5,20,39,70,104,81,121,106,122
BL-7,4,8,11,20,41,63,51,63,62,77,8,14,28,27,38,40,42,59,68,88,23,27,55,74,80,86,91,98,92,94,13,61,97,96,99,109,98,105,92,109,4,4,24,91,114,133,120,114,114,130,6,14,43,73,108,115,89,94,107,121,90,105,87,99,94,108,98,102,101,113,1,2,12,28,45,82,87,102,107,112,9,8,21,23,29,45,74,107,101,115,0,3,6,7,9,13,18,37,72,95,7,8,9,15,22,78,100,112,111,139,0,6,18,27,40,66,80,90,115,116,3,8,28,53,89,86,104,95,110,101,5,7,8,8,8,11,17,38,80,95,1,1,1,2,2,2,9,20,43,91,6,23,82,100,91,96,113,98,123,115,3,9,15,21,41,71,79,103,102,97,3,7,11,13,10,12,18,19,31,48,2,10,67,86,87,97,97,76,93,97,2,25,102,90,76,68,65,61,71,44,5,19,33,36,37,38,40,39,44,43,0,3,17,30,40,61,87,93,96,95,6,7,17,26,78,103,102,108,113,109,0,4,6,7,14,33,70,105,113,118,4,14,20,60,82,104,100,111,114,129,19,59,86,102,108,134,114,120,121,118,13,57,99,127,108,121,109,113,131,123,1,3,6,8,17,65,101,109,117,100,2,14,15,12,15,14,33,59,75,100,32,64,92,96,100,123,103,106,103,121,6,28,70,103,117,122,119,128,145,135,1,6,15,29,60,102,109,133,128,156
Raji,18,78,108,104,108,114,109,98,102,104,95,109,107,108,111,110,111,109,102,108,82,111,118,121,117,115,111,108,105,108,44,53,120,127,116,122,105,122,99,112,14,26,46,73,99,111,99,106,106,118,49,96,101,102,100,106,101,99,99,106,96,103,110,108,108,114,107,106,107,113,1,5,54,75,98,110,103,107,104,106,31,44,45,47,53,67,94,112,108,108,18,53,62,60,94,109,106,101,105,107,36,37,31,44,74,85,105,101,108,114,1,66,106,112,118,117,106,114,113,125,25,67,108,119,111,112,116,101,109,103,12,19,20,22,24,31,43,63,79,102,1,2,2,2,3,7,21,30,47,111,30,97,107,108,122,122,108,106,105,110,44,120,108,110,116,123,106,107,111,115,44,99,107,106,119,120,110,101,108,117,2,60,105,111,108,112,114,116,112,111,2,52,120,117,116,115,120,119,113,105,21,70,80,82,82,79,80,78,81,82,1,39,55,75,90,114,106,102,102,108,29,47,73,77,100,106,99,100,103,103,1,34,49,48,93,100,96,95,99,95,29,90,101,119,112,120,108,113,116,115,33,103,119,129,115,118,114,111,105,112,59,113,114,107,119,120,99,104,104,114,3,11,19,32,49,69,84,102,103,101,3,13,10,25,33,50,88,98,110,120,16,79,106,93,107,108,110,102,112,113,26,52,89,107,101,102,111,102,109,105,1,36,90,103,112,113,106,110,110,109
Ramos,1,17,71,99,110,131,127,121,127,128,21,51,104,103,102,123,124,121,124,131,74,99,121,126,144,152,148,137,129,151,68,93,119,128,134,151,140,124,131,140,1,2,5,25,78,112,132,142,134,137,2,67,108,127,129,144,146,148,150,138,96,108,107,122,133,150,150,149,151,152,1,1,7,45,84,112,126,128,132,146,12,19,23,24,25,46,94,130,135,142,0,2,3,2,6,57,86,111,133,133,2,1,1,5,10,74,125,134,139,145,0,2,24,47,70,93,118,143,154,149,1,1,33,90,117,125,129,135,164,141,0,0,1,2,2,2,3,4,31,113,1,0,1,2,3,4,12,57,104,148,0,5,78,99,122,138,143,154,147,140,8,66,104,121,123,150,135,150,142,144,7,25,44,56,65,90,93,102,119,130,9,33,77,111,123,104,124,126,132,144,0,27,78,102,101,98,97,93,109,80,1,14,28,36,35,40,42,45,48,53,0,2,4,14,54,61,115,124,121,117,1,0,4,29,71,113,115,130,122,130,0,0,1,2,9,60,121,129,132,116,2,30,43,96,122,145,155,143,176,175,1,52,121,138,127,143,151,152,155,176,8,71,108,120,127,136,148,160,132,144,0,1,5,13,34,77,86,128,141,136,1,3,2,5,4,85,162,145,129,130,21,70,105,117,120,123,121,128,139,159,1,3,25,85,113,128,132,139,132,197,0,1,14,53,91,121,139,160,153,177
Salina,12,23,45,78,97,99,97,101,102,95,32,51,80,71,81,96,105,105,98,109,43,83,105,112,114,106,110,123,103,125,7,24,69,115,123,131,105,135,125,119,4,5,24,50,118,146,121,144,137,142,3,30,57,103,125,129,118,108,113,105,122,109,106,115,127,136,123,111,126,139,1,2,9,53,95,112,105,116,129,120,14,13,7,5,5,7,34,97,113,142,0,22,20,11,12,52,90,107,114,148,10,11,10,11,13,24,105,122,119,131,0,11,74,85,81,103,112,107,126,133,14,93,112,104,109,124,126,109,121,135,7,21,24,19,19,19,19,22,52,94,1,1,1,1,2,3,2,4,7,33,0,16,2,29,105,122,114,117,135,164,1,26,51,93,118,124,101,112,120,127,3,52,72,73,83,78,81,89,99,119,12,65,98,103,88,92,90,104,108,107,2,74,165,122,86,78,71,73,84,63,6,39,43,37,42,38,40,38,46,49,0,19,18,25,77,79,87,96,89,115,19,18,13,30,73,84,103,101,102,117,0,11,11,7,9,32,76,92,97,112,23,91,115,157,170,193,160,161,181,204,20,166,160,177,163,161,164,166,176,194,14,100,128,150,163,184,174,172,153,172,2,3,11,37,78,172,224,216,196,161,2,26,32,41,14,33,115,111,132,132,36,93,98,115,120,135,141,126,148,147,13,23,57,101,107,128,122,119,108,164,1,50,43,55,92,116,117,129,123,158
Awia,11,34,54,50,78,91,103,85,67,88,38,55,67,71,73,75,90,98,83,87,242,258,270,239,186,208,161,144,119,94,124,169,131,123,126,102,102,106,100,87,9,16,26,59,100,135,119,100,123,115,52,173,140,114,129,125,112,111,121,106,98,123,113,126,108,111,112,96,114,101,1,2,15,72,105,103,105,109,104,100,23,24,23,21,21,31,57,111,111,114,4,29,25,30,21,21,46,61,85,96,28,24,27,27,36,51,114,115,115,132,0,30,53,53,69,92,104,102,106,104,44,40,75,101,104,114,106,111,120,109,14,23,35,38,41,45,26,17,29,49,1,1,2,2,2,3,6,14,28,54,38,93,149,114,115,125,116,123,124,115,38,64,80,79,101,111,98,105,124,136,16,40,51,45,58,51,54,69,72,81,23,52,117,100,125,124,107,108,114,94,3,95,147,121,86,92,79,97,88,70,14,66,61,69,70,69,64,80,62,72,1,26,31,38,57,70,66,74,58,49,19,34,28,37,74,108,105,95,95,100,0,22,20,22,27,77,93,92,92,108,52,53,90,119,122,141,125,144,120,145,40,80,104,108,136,139,132,148,124,128,50,105,124,102,120,146,121,115,99,125,11,11,37,69,85,143,147,161,132,152,1,2,4,13,31,124,151,142,122,125,40,66,111,94,92,123,124,103,99,133,18,57,107,108,98,104,98,91,100,112,1,30,49,47,69,82,76,88,95,94
BJAB,2,10,32,71,99,112,105,102,111,102,15,35,78,72,78,97,89,96,93,100,77,88,101,106,109,108,100,90,102,104,28,42,78,95,116,106,113,97,103,100,2,2,7,59,111,103,100,97,103,109,43,100,108,107,120,101,102,97,108,99,80,81,83,100,93,101,91,83,91,89,1,2,26,64,79,92,99,107,104,100,24,31,33,33,36,60,84,104,99,95,1,1,3,6,11,25,47,75,92,95,22,25,14,31,36,55,81,112,105,101,0,4,18,45,67,93,97,97,108,105,16,9,48,82,84,111,90,101,103,97,1,2,2,3,6,16,38,94,95,87,1,0,1,1,2,2,2,4,11,71,1,44,1,89,113,111,102,86,94,103,9,31,37,91,112,109,98,109,113,101,10,27,24,21,24,23,29,65,96,92,25,73,118,117,107,111,108,105,109,93,1,60,97,90,99,101,88,87,88,66,1,33,38,40,41,45,43,39,40,47,0,13,16,46,68,93,71,74,61,65,2,6,18,52,82,114,103,104,101,95,0,1,4,19,23,59,95,97,97,91,2,67,93,112,161,173,132,115,120,161,3,127,121,122,153,159,141,133,119,150,74,108,108,106,134,137,104,103,109,141,7,10,15,20,35,74,75,88,91,142,1,2,2,3,3,39,67,73,75,121,56,83,82,80,78,104,76,80,77,122,22,34,67,71,88,81,69,71,70,116,1,5,27,65,91,89,90,84,86,134
CA46,36,60,84,100,97,93,107,100,102,100,66,81,90,95,104,102,95,91,100,92,88,96,99,104,114,105,104,105,102,101,52,74,83,99,110,111,101,92,92,85,32,37,41,58,74,101,97,104,101,95,46,85,99,106,99,106,101,95,92,94,93,116,95,108,95,114,91,105,96,95,1,4,42,68,97,99,94,94,96,105,48,50,48,53,50,58,76,95,99,100,1,36,52,48,58,75,73,84,87,95,40,41,41,49,73,86,96,113,111,113,1,32,61,63,75,100,99,93,101,94,58,48,77,90,101,125,93,101,108,96,18,31,31,35,39,52,52,47,48,56,2,2,2,2,3,3,13,29,50,101,37,60,90,103,102,116,104,110,113,110,36,67,84,93,116,132,104,103,100,103,38,59,74,76,78,86,75,78,79,88,16,55,101,99,109,115,95,91,87,77,2,45,88,91,82,88,71,72,88,70,48,61,66,61,60,64,57,58,57,62,1,29,50,76,79,80,67,73,64,59,39,48,50,80,86,113,108,96,87,80,1,43,55,55,73,90,102,100,110,105,54,86,89,110,133,165,128,110,118,132,73,108,115,117,169,142,131,120,112,143,58,90,94,95,113,114,94,105,104,121,5,8,24,36,51,63,67,82,76,96,2,23,37,38,55,110,91,91,101,112,60,84,100,81,100,105,93,103,97,104,29,49,84,90,109,103,92,86,89,107,1,40,83,83,95,127,91,92,93,101
DG75,32,65,81,105,106,112,90,93,95,90,75,88,104,111,94,103,98,108,95,96,88,100,108,115,114,114,103,105,105,99,65,95,111,117,124,115,113,109,108,101,19,29,50,74,107,107,104,101,98,93,41,99,115,103,102,107,107,106,99,97,89,108,87,102,109,102,102,96,104,115,1,4,32,62,84,100,101,108,113,101,30,36,41,42,49,51,64,105,109,101,7,21,23,25,37,60,94,106,103,98,37,36,43,47,43,73,102,106,100,97,1,39,80,84,101,106,105,108,110,110,45,39,71,96,104,107,99,103,93,106,13,34,38,40,43,51,65,85,89,98,1,1,2,3,3,10,30,50,61,76,7,63,75,98,99,118,107,121,104,103,29,96,112,106,110,107,121,109,107,100,38,71,89,95,95,99,88,93,98,101,9,57,106,108,114,110,104,107,107,97,1,52,75,100,102,106,97,94,97,82,24,53,63,72,68,71,71,64,74,71,0,18,30,78,85,71,93,84,79,70,33,36,45,81,90,104,105,104,115,92,1,21,18,27,48,87,91,101,96,98,51,68,78,103,109,126,136,135,125,138,46,80,111,112,137,134,129,137,121,154,49,98,109,102,118,117,115,113,113,122,8,9,21,36,49,72,90,111,100,127,13,31,39,34,55,100,103,93,97,109,59,83,97,106,106,111,104,97,105,110,20,43,82,104,114,99,105,93,95,106,1,42,75,86,107,107,99,99,98,109
LY47,22,65,84,83,90,86,91,85,87,78,68,66,82,86,81,98,91,90,92,90,57,72,92,114,100,106,108,92,97,88,71,106,114,108,114,94,114,95,96,101,10,14,57,92,108,105,108,104,102,95,21,50,78,90,116,110,103,102,100,89,74,78,89,101,100,95,109,93,102,88,1,1,37,84,104,103,113,93,108,97,12,15,17,22,34,63,84,107,97,102,4,31,29,28,28,28,31,63,89,98,17,17,22,29,37,71,109,94,104,95,0,51,65,82,100,96,95,91,98,82,48,46,71,102,104,110,100,101,102,95,4,24,27,30,30,33,49,64,78,93,1,2,5,2,2,11,35,44,60,89,56,101,49,114,109,109,109,112,101,100,43,86,95,114,118,121,116,108,107,100,33,52,73,84,86,95,93,99,94,91,35,79,109,100,108,103,110,95,104,85,3,85,96,119,106,98,94,92,91,79,7,50,60,67,60,66,64,69,65,68,0,27,35,33,35,44,63,77,75,61,30,36,36,34,33,49,77,100,85,89,0,25,27,27,28,30,34,55,85,89,31,82,95,111,135,137,139,139,132,134,18,78,103,110,119,126,117,116,118,134,70,108,107,108,118,127,123,109,117,138,11,10,41,55,64,72,81,88,83,115,2,14,16,16,29,61,75,79,92,106,82,98,102,103,92,104,99,94,87,113,15,33,65,84,89,89,92,86,84,93,1,51,70,73,83,90,87,97,86,107
Yakobo,22,55,71,70,91,69,77,86,93,83,39,47,64,58,69,72,72,86,82,87,69,78,86,94,92,95,89,96,100,102,80,84,77,99,92,87,88,96,90,101,2,3,6,31,52,89,88,107,105,104,45,100,88,103,100,106,99,98,102,101,70,70,86,79,83,95,98,92,100,98,1,2,25,88,99,95,93,104,113,97,29,33,37,39,53,72,92,101,109,104,1,19,22,25,47,88,94,113,129,102,14,16,15,15,13,25,87,106,103,126,0,48,85,91,84,109,92,102,109,114,36,28,54,69,88,108,110,112,109,111,32,54,55,60,55,57,60,65,79,84,1,1,2,2,2,2,10,22,40,86,17,77,90,91,120,111,105,141,134,155,59,90,96,105,116,112,116,110,133,145,44,78,89,84,87,93,91,115,128,112,10,81,121,113,110,112,115,97,110,103,3,68,122,121,107,96,103,99,103,101,5,69,88,94,85,83,91,84,74,88,1,21,42,130,138,118,104,102,100,83,48,90,112,143,144,151,144,158,145,143,1,31,23,17,47,128,152,172,163,143,8,77,115,132,156,144,141,117,115,139,6,58,78,76,109,88,95,96,95,130,65,115,120,113,129,107,113,97,95,115,14,10,38,64,94,110,128,118,114,136,1,6,10,27,43,64,80,80,83,109,55,86,90,96,98,84,91,82,90,114,17,48,72,93,97,88,93,78,77,97,1,25,73,71,76,77,73,79,88,106
BL41,1,37,85,88,95,97,100,109,99,98,72,80,89,94,94,103,95,101,100,102,80,93,99,96,101,94,100,99,95,95,19,54,102,98,96,94,95,94,92,92,2,2,11,97,125,132,115,125,114,109,1,85,95,100,107,103,103,105,110,117,103,107,97,102,94,104,95,94,101,95,1,2,18,85,87,88,98,96,104,101,2,11,20,21,22,117,117,104,113,109,0,3,2,3,5,38,74,77,88,91,1,0,1,2,3,50,94,95,95,100,0,7,78,76,80,84,88,91,95,100,88,11,71,85,86,94,90,97,95,93,1,1,2,2,2,2,2,4,39,78,1,0,2,2,2,2,3,4,17,58,1,9,91,84,102,102,91,93,94,101,1,42,96,94,104,117,98,110,105,109,1,59,75,78,80,81,79,83,92,94,1,44,92,91,96,98,95,99,93,85,0,2,88,83,91,95,94,97,99,61,1,30,45,47,50,46,49,51,54,52,0,1,5,35,70,92,87,94,90,67,1,0,7,48,91,103,107,108,104,91,0,0,1,3,4,20,84,110,103,101,1,23,67,99,115,113,108,111,102,99,80,40,73,82,95,103,105,114,105,94,7,117,111,111,107,116,106,115,112,112,1,1,2,2,6,29,70,95,104,102,1,1,1,4,21,39,100,113,99,100,0,34,90,96,109,119,113,114,101,102,1,0,27,74,114,99,92,105,96,96,0,1,14,50,80,111,99,106,100,102
Cheptanges,1,7,28,49,69,81,77,77,77,80,13,25,42,64,69,79,79,81,87,101,27,41,47,73,86,90,93,101,92,98,6,34,77,101,110,113,109,108,102,106,2,1,14,94,140,129,119,103,113,107,1,6,38,73,96,105,109,108,107,115,90,102,108,112,113,120,109,116,104,105,1,1,2,28,63,94,96,105,105,99,2,2,2,2,6,72,88,96,108,106,0,4,4,4,7,17,38,55,85,100,1,0,1,18,46,116,119,114,118,118,0,2,30,51,71,80,88,94,94,97,49,7,38,67,85,103,103,111,97,96,1,0,1,2,3,4,5,27,76,94,1,0,0,1,2,2,3,15,28,53,0,1,2,35,76,88,100,97,101,101,1,2,10,63,87,102,100,112,106,110,0,3,8,12,18,21,23,43,60,90,1,6,57,86,106,111,108,107,109,88,0,10,78,91,97,98,102,102,111,44,1,17,33,33,39,41,39,42,42,40,0,1,9,40,75,71,86,93,92,50,1,1,4,20,53,80,91,108,101,75,0,1,2,2,5,15,61,83,94,105,2,5,8,48,83,107,140,146,159,152,94,121,138,148,143,154,159,173,162,164,8,44,96,128,143,148,151,157,156,135,1,2,3,7,21,65,98,134,150,151,1,5,5,6,4,11,36,82,112,128,37,108,125,136,126,138,130,134,137,138,1,2,22,85,117,130,136,125,158,144,0,4,6,18,43,96,108,132,139,155
Seraphine,18,45,67,87,100,97,100,101,99,91,48,59,77,83,89,96,97,93,99,98,59,91,100,103,107,103,101,97,97,107,50,98,107,107,112,109,106,102,108,97,4,7,30,78,115,112,110,114,111,125,15,32,58,91,106,103,105,100,108,99,86,92,90,88,93,93,95,97,108,103,1,1,39,57,91,101,105,102,109,99,22,30,32,32,41,55,95,111,104,109,11,20,16,15,18,44,87,103,116,106,32,31,32,35,34,97,115,128,109,115,1,47,80,86,90,100,102,110,110,107,40,49,61,96,102,108,108,101,113,105,27,53,54,59,63,77,83,86,98,105,1,1,3,5,10,23,32,62,102,107,30,34,108,118,125,123,114,121,116,114,39,64,98,103,104,123,116,112,114,103,30,49,69,61,65,63,94,98,110,105,66,73,107,124,118,117,113,113,124,105,5,49,113,114,105,104,102,103,111,95,14,58,62,67,68,66,66,64,72,69,7,16,19,61,101,104,106,108,105,99,22,31,35,66,103,105,115,106,103,100,1,19,16,15,27,78,107,112,107,103,37,49,79,91,109,117,121,117,120,109,42,99,112,109,127,118,115,127,123,115,51,97,109,114,114,117,113,119,116,109,11,11,28,39,48,63,101,119,113,112,8,15,18,14,16,41,44,86,100,108,76,94,109,111,114,111,113,113,113,109,8,25,64,86,104,104,105,114,106,103,1,21,39,53,65,79,92,110,111,108
Seraphine-sgTP53,13,40,64,84,96,99,104,93,107,89,55,59,74,85,85,96,93,103,108,105,81,88,100,106,112,102,106,107,108,104,55,90,104,108,112,116,107,116,107,104,3,4,18,65,98,108,108,113,112,101,22,96,99,103,101,106,109,116,102,95,86,86,85,94,100,101,106,108,109,104,1,2,29,52,72,98,106,110,114,103,16,24,26,31,36,60,112,106,115,113,6,12,11,11,20,54,79,98,116,116,21,21,22,21,24,75,116,111,107,103,0,42,66,74,90,103,101,103,116,95,29,36,60,78,91,120,108,108,107,101,15,38,40,43,50,57,67,75,94,103,1,1,2,3,8,21,32,47,100,115,24,66,88,120,119,124,109,106,115,102,37,62,83,103,107,118,115,116,111,105,24,46,61,64,63,61,79,95,103,102,48,55,99,110,109,121,113,118,111,99,4,52,115,113,110,113,98,112,123,95,5,50,60,62,63,62,63,66,63,64,5,9,23,61,98,105,104,114,103,107,16,26,52,62,102,102,103,116,109,112,0,12,11,14,33,79,100,112,96,108,27,47,82,87,102,115,126,107,120,117,30,79,103,121,124,142,122,122,130,116,42,83,110,104,110,107,116,124,116,117,8,8,22,31,44,71,100,115,116,114,5,10,11,11,24,54,87,112,96,111,80,93,116,113,124,119,110,110,120,112,9,22,68,89,99,113,109,104,114,101,1,14,36,56,71,84,90,106,114,97
K562,9,57,101,113,115,120,114,114,109,99,94,108,115,100,105,103,101,101,97,91,114,113,107,116,122,124,106,107,102,92,76,91,100,102,97,96,96,92,93,88,11,20,54,87,102,104,107,106,101,101,75,99,100,102,108,106,102,103,103,98,68,75,86,87,95,97,91,89,92,89,1,7,65,83,91,105,107,101,105,100,23,22,22,24,35,88,108,104,109,113,1,3,5,12,15,67,102,98,102,110,25,30,32,33,32,73,104,92,106,95,1,47,85,95,103,102,107,102,102,94,78,63,85,97,108,109,107,101,101,98,13,44,50,53,61,61,70,80,85,87,1,1,1,2,3,3,20,47,76,92,29,23,97,106,104,107,107,102,102,97,3,5,7,48,65,90,84,80,70,66,3,8,7,6,6,5,5,5,5,6,2,69,89,99,68,72,72,75,80,20,2,62,93,100,69,70,75,70,71,53,30,62,65,65,67,73,69,68,71,66,2,15,10,41,88,83,88,87,86,69,30,30,14,47,92,103,99,97,99,87,1,11,14,20,48,95,103,96,97,91,25,81,97,113,110,118,114,112,112,111,83,103,108,112,126,128,144,123,120,112,87,110,117,111,115,125,119,115,118,119,10,5,32,54,72,96,98,103,104,107,17,43,40,13,67,101,111,105,113,104,74,90,94,102,108,113,115,108,109,102,28,69,86,100,103,106,108,107,108,100,2,19,83,94,99,118,118,110,111,106
SUDHL5,1,36,76,90,100,101,95,101,97,83,8,27,52,71,75,96,86,82,87,89,24,36,91,108,112,109,103,109,96,93,0,3,67,123,124,121,115,104,95,93,2,1,4,63,108,111,117,91,112,107,0,34,94,109,120,121,118,111,96,99,89,102,105,108,122,111,106,105,100,95,1,1,6,54,79,92,104,93,108,97,4,4,4,3,5,89,98,94,101,93,0,0,1,1,4,11,45,72,83,96,1,0,1,2,2,72,129,105,105,107,0,0,47,66,86,98,113,95,92,89,46,3,47,76,103,122,118,126,116,111,0,1,2,3,5,10,32,71,94,98,1,0,1,2,2,3,2,3,4,12,1,2,56,71,99,97,104,97,99,99,1,20,89,113,124,126,103,102,98,100,1,3,6,9,15,56,77,107,100,110,1,83,125,117,109,118,106,114,115,97,1,4,108,125,118,120,114,118,106,78,1,57,54,60,59,61,58,62,59,61,0,1,2,5,62,108,106,106,97,63,2,3,3,8,77,114,114,95,109,94,0,1,1,2,3,4,17,100,105,96,1,13,71,92,117,109,108,112,112,115,94,99,111,115,115,113,107,114,106,102,30,88,106,113,113,114,113,125,110,116,3,2,8,11,20,25,77,112,107,109,1,1,2,2,3,4,36,101,102,101,54,86,94,107,111,119,110,120,118,86,1,6,60,91,113,103,92,97,98,94,0,1,4,12,29,82,86,104,98,108
HT,4,56,68,76,80,87,80,86,73,78,55,66,88,72,75,77,71,72,79,66,116,112,101,102,98,92,101,90,81,76,107,124,109,97,89,86,83,80,74,69,7,8,36,79,83,87,89,87,81,82,70,100,98,99,96,95,90,85,85,81,112,111,104,108,100,118,97,93,86,84,2,2,45,67,81,82,86,80,82,80,48,52,50,52,56,90,88,87,90,84,3,24,42,51,65,76,83,83,78,82,11,10,14,20,29,67,91,89,95,87,0,38,56,72,80,85,92,92,79,79,69,35,68,88,86,91,87,80,84,89,12,42,44,45,48,57,77,77,86,85,1,2,2,2,2,3,4,19,38,64,14,80,103,94,94,96,86,83,87,81,83,117,122,109,101,104,93,82,84,81,54,100,93,88,88,85,91,82,80,79,4,100,98,102,88,90,78,74,70,66,1,95,104,104,76,73,69,69,67,64,1,71,73,71,72,72,69,65,63,65,1,26,58,88,84,78,73,73,71,67,14,46,88,87,98,90,90,82,78,70,1,29,38,53,70,74,82,78,81,72,60,86,90,95,97,95,90,86,92,89,107,101,98,97,95,93,89,84,84,87,126,139,120,110,107,95,89,83,83,79,14,4,28,50,67,79,79,85,81,79,2,3,3,19,98,114,106,105,94,86,69,96,101,96,96,96,92,88,86,85,76,98,92,93,94,98,92,90,85,87,2,22,86,89,91,101,101,92,91,94
#288 spleen,7,30,46,35,42,51,38,45,57,49,38,61,77,85,77,92,95,85,95,84,9,11,13,18,19,21,25,31,36,34,6,30,91,126,109,117,147,121,120,107,7,5,6,11,75,141,129,114,120,118,3,3,14,57,125,107,124,126,128,103,70,93,108,122,111,115,124,118,100,117,1,1,5,41,101,146,124,105,137,110,20,27,24,25,25,23,18,16,16,19,1,35,57,39,56,54,45,34,35,41,6,7,11,16,15,22,20,88,121,145,1,13,61,58,64,74,72,80,89,134,66,11,43,92,82,113,141,130,137,126,4,8,8,7,8,10,10,9,8,39,1,1,2,3,3,3,4,4,5,7,3,20,91,132,138,162,188,172,164,166,1,49,68,159,147,157,146,124,119,130,14,37,41,34,35,34,33,38,43,71,1,15,65,135,102,124,105,124,132,120,0,10,27,88,84,94,122,137,132,110,6,15,19,22,21,23,24,25,23,23,2,6,12,12,13,18,26,31,87,93,2,7,8,11,11,12,17,35,91,79,0,15,16,18,16,18,25,36,82,92,1,13,16,22,36,42,69,63,96,89,4,44,87,94,101,89,86,113,119,129,16,79,91,113,111,101,115,103,97,120,1,1,2,3,4,4,6,28,42,52,1,6,7,4,3,3,4,5,8,10,6,27,66,80,79,111,84,119,122,114,4,13,45,63,63,97,85,100,85,106,1,0,33,31,39,46,66,86,93,91
Granta519,22,75,90,99,95,97,108,100,100,107,78,75,86,95,97,103,103,99,102,104,29,46,95,98,90,103,95,113,107,93,19,42,91,125,120,109,115,107,102,109,12,23,45,90,101,97,107,114,103,97,20,37,72,124,122,116,136,124,97,113,98,97,99,107,119,106,113,106,95,98,1,2,43,91,111,95,103,92,98,94,28,44,43,44,55,65,89,105,110,101,1,33,29,36,32,27,41,78,91,95,43,41,42,49,50,93,106,107,98,98,1,44,78,85,100,101,110,110,105,104,48,48,78,100,107,98,103,104,97,110,55,79,94,90,90,96,134,112,108,107,2,2,3,3,4,4,5,9,27,100,57,75,103,103,110,103,113,109,106,108,41,79,91,88,96,96,103,111,101,107,35,63,64,74,80,76,79,82,81,99,10,82,99,112,107,101,108,107,102,103,4,105,103,111,100,107,102,99,97,92,6,63,71,73,69,68,73,63,69,71,1,16,26,29,66,88,116,106,103,103,37,48,55,47,62,101,110,110,106,107,1,36,28,30,30,32,85,102,104,107,41,59,72,91,101,105,102,105,106,110,9,16,19,30,38,49,63,80,86,95,63,95,105,103,107,107,109,104,100,100,20,12,44,71,72,80,96,109,99,91,3,38,52,51,25,21,29,63,93,82,83,90,104,102,105,103,112,102,99,89,24,59,82,99,104,102,108,100,113,101,1,10,56,69,76,89,110,113,98,104
Jeko1,6,67,89,95,92,99,97,100,96,91,65,79,92,99,97,113,102,106,106,105,58,82,100,107,105,101,105,103,104,101,3,4,18,95,110,103,109,97,104,98,7,9,10,53,96,102,104,101,107,101,77,111,106,111,110,108,105,101,101,98,101,99,101,110,104,107,105,108,103,103,2,2,53,87,96,100,103,100,104,101,36,42,40,41,45,86,93,102,104,99,8,10,4,3,3,5,58,86,95,96,1,1,2,2,11,113,113,114,104,103,0,31,64,74,85,101,101,105,103,104,92,61,90,96,102,115,112,114,115,106,2,2,3,3,3,10,37,82,101,104,1,1,2,2,2,2,3,8,37,89,3,53,88,93,95,94,93,99,99,94,56,83,92,96,102,107,100,98,100,102,12,61,79,74,79,73,79,79,85,104,20,71,101,97,98,99,96,100,100,99,1,67,103,97,94,96,97,99,96,75,38,57,60,59,61,61,60,63,67,68,2,5,3,11,62,89,90,94,92,71,5,13,6,13,77,91,96,95,102,97,1,9,3,2,3,5,49,90,99,99,13,26,57,83,92,89,97,95,103,109,97,90,87,97,95,96,102,97,107,107,28,101,101,103,96,106,106,98,99,97,2,2,5,22,44,75,86,99,92,94,1,2,9,14,50,79,93,101,95,95,66,84,85,86,86,86,83,84,87,88,7,32,77,94,90,93,86,88,87,87,1,35,59,73,80,89,89,86,93,90
JVM2,24,56,93,99,100,101,105,98,98,102,75,69,85,90,93,94,108,100,108,92,85,91,96,110,111,109,97,95,96,95,111,117,111,100,109,103,112,100,91,91,14,25,67,100,118,125,121,117,116,112,34,64,85,103,109,95,107,97,101,96,91,94,103,106,106,98,107,109,98,91,1,2,67,94,105,113,116,98,104,91,30,32,31,32,51,97,97,109,100,94,13,31,36,36,40,58,85,86,90,88,36,35,33,40,37,67,114,106,104,116,1,77,80,87,92,99,105,103,100,103,89,55,97,109,119,110,104,105,100,103,49,72,87,88,90,101,110,135,122,119,2,2,6,21,39,48,54,56,83,91,40,76,103,106,125,111,113,97,107,111,50,69,85,111,115,130,121,120,109,104,41,57,65,87,79,50,77,81,95,102,23,79,107,117,102,98,96,117,112,102,2,73,102,112,131,99,122,110,110,83,1,80,91,85,93,87,78,89,81,74,13,39,37,73,107,101,106,93,98,78,40,54,58,71,95,101,103,97,105,90,1,46,49,45,42,65,80,91,102,92,35,56,70,95,112,117,115,113,105,109,102,77,96,101,112,98,96,98,99,87,101,95,106,96,112,90,110,105,94,93,16,17,32,56,87,78,95,99,95,113,3,17,39,27,36,54,80,119,107,108,81,92,105,110,108,112,102,106,110,92,35,58,82,101,94,97,112,96,98,93,1,65,75,89,98,102,104,97,86,80
OPM2,36,71,106,111,100,103,111,117,103,115,91,98,103,106,103,123,124,103,117,104,96,95,94,100,106,107,103,101,107,100,102,102,100,111,113,111,110,105,115,111,7,9,10,74,94,119,110,115,116,106,72,88,101,110,112,109,113,111,119,115,91,95,91,101,98,105,103,100,109,107,2,2,75,94,113,118,125,120,117,113,7,16,18,22,26,59,89,107,104,107,1,1,3,18,50,90,106,110,118,108,3,3,4,9,21,79,95,118,106,103,0,1,40,72,86,104,103,112,104,103,16,34,80,101,95,115,112,105,102,108,9,14,14,15,20,21,37,72,84,110,1,2,3,4,10,25,50,103,115,118,26,81,108,124,132,119,137,117,115,113,42,101,91,100,104,124,114,111,91,104,36,79,78,87,90,100,96,96,113,100,3,88,99,108,90,80,91,98,82,86,1,79,106,111,93,88,89,87,83,79,3,54,51,53,56,52,57,54,60,59,1,14,26,46,64,70,80,78,73,84,1,3,26,94,85,92,89,96,101,91,1,2,6,57,89,101,93,107,94,106,2,37,64,96,103,103,108,105,116,101,22,55,76,96,115,103,116,109,120,108,60,99,105,103,98,100,105,101,98,95,11,17,34,47,51,72,84,96,104,87,3,4,4,41,100,129,121,116,104,78,62,82,102,101,95,97,104,109,98,87,18,79,94,104,110,108,99,106,99,100,1,4,77,107,113,117,123,119,121,120
RPMI 8226,30,84,102,105,105,110,104,117,98,101,72,92,103,96,106,113,101,107,109,100,83,88,94,103,108,103,105,106,101,101,102,106,112,110,104,104,99,99,94,90,5,8,38,90,106,108,105,103,98,98,43,96,97,99,99,98,94,94,99,92,82,91,92,96,96,107,103,104,109,106,1,3,69,91,103,102,109,98,97,93,43,47,50,47,51,76,93,99,104,101,1,11,17,24,58,96,91,97,94,97,20,17,19,16,13,47,95,101,112,100,0,49,82,84,101,104,111,107,102,100,76,52,92,107,106,112,108,108,104,96,2,2,3,4,4,4,11,35,78,92,1,1,2,2,3,7,15,28,41,67,2,13,41,75,93,104,97,100,97,92,35,39,93,103,105,109,99,97,100,91,24,43,87,90,97,94,99,96,91,89,7,84,94,102,91,100,92,88,85,76,1,40,85,94,73,74,77,71,75,68,2,59,69,66,66,67,67,67,67,68,22,28,53,75,85,85,86,86,83,68,8,30,66,86,91,96,91,94,93,78,0,11,80,104,99,90,89,88,90,87,29,52,84,97,100,104,105,106,103,103,4,44,64,81,88,95,97,99,105,103,82,108,109,105,109,108,105,103,106,101,8,2,21,38,51,88,95,101,97,94,1,2,3,4,39,83,88,94,95,92,68,91,97,98,98,105,97,94,98,95,12,55,96,104,104,101,101,96,98,97,1,43,87,94,97,101,97,96,98,97
U266,80,121,121,113,110,112,114,113,102,100,102,106,106,105,108,113,107,109,113,97,90,95,96,103,107,103,102,105,100,100,85,99,95,101,100,108,104,101,100,97,8,11,61,87,96,98,101,111,97,101,79,104,100,102,101,103,100,104,102,93,65,77,76,89,92,102,94,103,107,101,2,8,70,93,105,103,106,100,101,97,21,22,23,26,28,56,89,100,99,99,7,51,61,69,83,94,103,103,100,104,67,64,64,56,50,86,103,102,110,97,4,52,89,95,98,96,101,104,98,96,93,86,96,116,118,113,116,105,105,114,64,71,72,73,76,77,75,74,87,96,2,1,2,3,3,4,8,36,69,96,11,5,105,104,103,110,110,109,105,101,27,37,105,106,105,107,102,108,101,94,23,61,74,88,101,100,104,102,101,93,17,94,108,113,110,111,109,106,102,98,20,62,94,99,87,88,88,88,88,82,65,82,87,80,81,87,83,86,80,82,15,61,70,76,86,90,91,95,95,78,44,64,87,91,94,102,99,99,101,88,2,25,60,68,75,86,97,101,96,93,55,76,86,93,100,94,93,97,97,94,78,85,88,84,88,88,93,93,99,94,103,111,111,107,98,100,103,97,97,92,23,22,49,53,69,85,88,91,94,92,7,8,6,32,81,92,99,99,100,97,69,93,88,90,92,92,91,87,93,92,16,56,88,99,104,96,98,93,91,85,1,39,86,89,93,94,94,93,96,94
